record_id,paper_key,context_key,condition_key,assay_key,observable,observable_raw_label,value,value_unit,time_value,time_unit,statistic,uncertainty_type,uncertainty_value,replicate_count,normalization,normalization_reference,source_key,figure,panel,table,lane,extraction_method,quality_class,is_censored,censoring_limit,notes
shao_fig1a_hep3b_0nm,paper_PMID31561409,hep3b_shao_in_vitro,hep3b_shao_in_vitro__vehicle_control_72_h,shao_mtt_doseresponse,pct_proliferation,"% proliferation, Hep3B, 0 nM dinaciclib, 72h",100.0,% proliferation,72,h,percent proliferation vs untreated control,visual digitization uncertainty (curve-position estimate),,,,,workbook,Figure 1,A,,,PLOT_DIGITIZED,SEMI_QUANTITATIVE,False,,Curve points estimated visually from the dose-response graph.
shao_fig1a_hep3b_100nm,paper_PMID31561409,hep3b_shao_in_vitro,hep3b_shao_in_vitro__dinaciclib_100_nm_72_h,shao_mtt_doseresponse,pct_proliferation,"% proliferation, Hep3B, 100 nM dinaciclib, 72h",24.0,% proliferation,72,h,percent proliferation vs untreated control,visual digitization uncertainty (curve-position estimate),,,,,workbook,Figure 1,A,,,PLOT_DIGITIZED,SEMI_QUANTITATIVE,False,,Curve points estimated visually from the dose-response graph.
shao_fig1a_hep3b_10nm,paper_PMID31561409,hep3b_shao_in_vitro,hep3b_shao_in_vitro__dinaciclib_10_nm_72_h,shao_mtt_doseresponse,pct_proliferation,"% proliferation, Hep3B, 10 nM dinaciclib, 72h",78.0,% proliferation,72,h,percent proliferation vs untreated control,visual digitization uncertainty (curve-position estimate),,,,,workbook,Figure 1,A,,,PLOT_DIGITIZED,SEMI_QUANTITATIVE,False,,Curve points estimated visually from the dose-response graph.
shao_fig1a_hep3b_15nm,paper_PMID31561409,hep3b_shao_in_vitro,hep3b_shao_in_vitro__dinaciclib_15_nm_72_h,shao_mtt_doseresponse,pct_proliferation,"% proliferation, Hep3B, 15 nM dinaciclib, 72h",62.0,% proliferation,72,h,percent proliferation vs untreated control,visual digitization uncertainty (curve-position estimate),,,,,workbook,Figure 1,A,,,PLOT_DIGITIZED,SEMI_QUANTITATIVE,False,,Curve points estimated visually from the dose-response graph.
shao_fig1a_hep3b_20nm,paper_PMID31561409,hep3b_shao_in_vitro,hep3b_shao_in_vitro__dinaciclib_20_nm_72_h,shao_mtt_doseresponse,pct_proliferation,"% proliferation, Hep3B, 20 nM dinaciclib, 72h",50.0,% proliferation,72,h,percent proliferation vs untreated control,visual digitization uncertainty (curve-position estimate),,,,,workbook,Figure 1,A,,,PLOT_DIGITIZED,SEMI_QUANTITATIVE,False,,Curve points estimated visually from the dose-response graph.
shao_fig1a_hep3b_25nm,paper_PMID31561409,hep3b_shao_in_vitro,hep3b_shao_in_vitro__dinaciclib_25_nm_72_h,shao_mtt_doseresponse,pct_proliferation,"% proliferation, Hep3B, 25 nM dinaciclib, 72h",42.0,% proliferation,72,h,percent proliferation vs untreated control,visual digitization uncertainty (curve-position estimate),,,,,workbook,Figure 1,A,,,PLOT_DIGITIZED,SEMI_QUANTITATIVE,False,,Curve points estimated visually from the dose-response graph.
shao_fig1a_hep3b_30nm,paper_PMID31561409,hep3b_shao_in_vitro,hep3b_shao_in_vitro__dinaciclib_30_nm_72_h,shao_mtt_doseresponse,pct_proliferation,"% proliferation, Hep3B, 30 nM dinaciclib, 72h",32.0,% proliferation,72,h,percent proliferation vs untreated control,visual digitization uncertainty (curve-position estimate),,,,,workbook,Figure 1,A,,,PLOT_DIGITIZED,SEMI_QUANTITATIVE,False,,Curve points estimated visually from the dose-response graph.
shao_fig1a_hep3b_50nm,paper_PMID31561409,hep3b_shao_in_vitro,hep3b_shao_in_vitro__dinaciclib_50_nm_72_h,shao_mtt_doseresponse,pct_proliferation,"% proliferation, Hep3B, 50 nM dinaciclib, 72h",28.0,% proliferation,72,h,percent proliferation vs untreated control,visual digitization uncertainty (curve-position estimate),,,,,workbook,Figure 1,A,,,PLOT_DIGITIZED,SEMI_QUANTITATIVE,False,,Curve points estimated visually from the dose-response graph.
shao_fig1a_hep3b_5nm,paper_PMID31561409,hep3b_shao_in_vitro,hep3b_shao_in_vitro__dinaciclib_5_nm_72_h,shao_mtt_doseresponse,pct_proliferation,"% proliferation, Hep3B, 5 nM dinaciclib, 72h",97.0,% proliferation,72,h,percent proliferation vs untreated control,visual digitization uncertainty (curve-position estimate),,,,,workbook,Figure 1,A,,,PLOT_DIGITIZED,SEMI_QUANTITATIVE,False,,Curve points estimated visually from the dose-response graph.
shao_fig1a_hep3b_ic50,paper_PMID31561409,hep3b_shao_in_vitro,hep3b_shao_in_vitro__vehicle_control_72_h_ic50_determining_dose_response,shao_mtt_doseresponse,viability_IC50,"Dinaciclib IC50, Hep3B, 72h MTT",15.6,nM,72,h,IC50,,,,,,workbook,Figure 1,A,,,DIRECT_SOURCE,QUANTITATIVE,False,,Explicit IC50 stated directly on the figure panel (preferred over back-calculation). Independent of baseline Rb/p-Rb/c-myc expression level (see Fig1B) -- a clean negative-covariate finding.
shao_fig1a_hle_0nm,paper_PMID31561409,hle_shao_in_vitro,hle_shao_in_vitro__vehicle_control_72_h,shao_mtt_doseresponse,pct_proliferation,"% proliferation, HLE, 0 nM dinaciclib, 72h",100.0,% proliferation,72,h,percent proliferation vs untreated control,visual digitization uncertainty (curve-position estimate),,,,,workbook,Figure 1,A,,,PLOT_DIGITIZED,SEMI_QUANTITATIVE,False,,Curve points estimated visually from the dose-response graph.
shao_fig1a_hle_100nm,paper_PMID31561409,hle_shao_in_vitro,hle_shao_in_vitro__dinaciclib_100_nm_72_h,shao_mtt_doseresponse,pct_proliferation,"% proliferation, HLE, 100 nM dinaciclib, 72h",14.0,% proliferation,72,h,percent proliferation vs untreated control,visual digitization uncertainty (curve-position estimate),,,,,workbook,Figure 1,A,,,PLOT_DIGITIZED,SEMI_QUANTITATIVE,False,,Curve points estimated visually from the dose-response graph.
shao_fig1a_hle_10nm,paper_PMID31561409,hle_shao_in_vitro,hle_shao_in_vitro__dinaciclib_10_nm_72_h,shao_mtt_doseresponse,pct_proliferation,"% proliferation, HLE, 10 nM dinaciclib, 72h",53.0,% proliferation,72,h,percent proliferation vs untreated control,visual digitization uncertainty (curve-position estimate),,,,,workbook,Figure 1,A,,,PLOT_DIGITIZED,SEMI_QUANTITATIVE,False,,Curve points estimated visually from the dose-response graph.
shao_fig1a_hle_15nm,paper_PMID31561409,hle_shao_in_vitro,hle_shao_in_vitro__dinaciclib_15_nm_72_h,shao_mtt_doseresponse,pct_proliferation,"% proliferation, HLE, 15 nM dinaciclib, 72h",33.0,% proliferation,72,h,percent proliferation vs untreated control,visual digitization uncertainty (curve-position estimate),,,,,workbook,Figure 1,A,,,PLOT_DIGITIZED,SEMI_QUANTITATIVE,False,,Curve points estimated visually from the dose-response graph.
shao_fig1a_hle_20nm,paper_PMID31561409,hle_shao_in_vitro,hle_shao_in_vitro__dinaciclib_20_nm_72_h,shao_mtt_doseresponse,pct_proliferation,"% proliferation, HLE, 20 nM dinaciclib, 72h",20.0,% proliferation,72,h,percent proliferation vs untreated control,visual digitization uncertainty (curve-position estimate),,,,,workbook,Figure 1,A,,,PLOT_DIGITIZED,SEMI_QUANTITATIVE,False,,Curve points estimated visually from the dose-response graph.
shao_fig1a_hle_25nm,paper_PMID31561409,hle_shao_in_vitro,hle_shao_in_vitro__dinaciclib_25_nm_72_h,shao_mtt_doseresponse,pct_proliferation,"% proliferation, HLE, 25 nM dinaciclib, 72h",18.0,% proliferation,72,h,percent proliferation vs untreated control,visual digitization uncertainty (curve-position estimate),,,,,workbook,Figure 1,A,,,PLOT_DIGITIZED,SEMI_QUANTITATIVE,False,,Curve points estimated visually from the dose-response graph.
shao_fig1a_hle_30nm,paper_PMID31561409,hle_shao_in_vitro,hle_shao_in_vitro__dinaciclib_30_nm_72_h,shao_mtt_doseresponse,pct_proliferation,"% proliferation, HLE, 30 nM dinaciclib, 72h",17.0,% proliferation,72,h,percent proliferation vs untreated control,visual digitization uncertainty (curve-position estimate),,,,,workbook,Figure 1,A,,,PLOT_DIGITIZED,SEMI_QUANTITATIVE,False,,Curve points estimated visually from the dose-response graph.
shao_fig1a_hle_50nm,paper_PMID31561409,hle_shao_in_vitro,hle_shao_in_vitro__dinaciclib_50_nm_72_h,shao_mtt_doseresponse,pct_proliferation,"% proliferation, HLE, 50 nM dinaciclib, 72h",17.0,% proliferation,72,h,percent proliferation vs untreated control,visual digitization uncertainty (curve-position estimate),,,,,workbook,Figure 1,A,,,PLOT_DIGITIZED,SEMI_QUANTITATIVE,False,,Curve points estimated visually from the dose-response graph.
shao_fig1a_hle_5nm,paper_PMID31561409,hle_shao_in_vitro,hle_shao_in_vitro__dinaciclib_5_nm_72_h,shao_mtt_doseresponse,pct_proliferation,"% proliferation, HLE, 5 nM dinaciclib, 72h",75.0,% proliferation,72,h,percent proliferation vs untreated control,visual digitization uncertainty (curve-position estimate),,,,,workbook,Figure 1,A,,,PLOT_DIGITIZED,SEMI_QUANTITATIVE,False,,Curve points estimated visually from the dose-response graph.
shao_fig1a_hle_ic50,paper_PMID31561409,hle_shao_in_vitro,hle_shao_in_vitro__vehicle_control_72_h_ic50_determining_dose_response,shao_mtt_doseresponse,viability_IC50,"Dinaciclib IC50, HLE, 72h MTT",9.7,nM,72,h,IC50,,,,,,workbook,Figure 1,A,,,DIRECT_SOURCE,QUANTITATIVE,False,,Explicit IC50 stated directly on the figure panel (preferred over back-calculation). Independent of baseline Rb/p-Rb/c-myc expression level (see Fig1B) -- a clean negative-covariate finding.
shao_fig1a_huh7_0nm,paper_PMID31561409,huh7_shao_in_vitro,huh7_shao_in_vitro__vehicle_control_72_h,shao_mtt_doseresponse,pct_proliferation,"% proliferation, HuH7, 0 nM dinaciclib, 72h",100.0,% proliferation,72,h,percent proliferation vs untreated control,visual digitization uncertainty (curve-position estimate),,,,,workbook,Figure 1,A,,,PLOT_DIGITIZED,SEMI_QUANTITATIVE,False,,Curve points estimated visually from the dose-response graph.
shao_fig1a_huh7_100nm,paper_PMID31561409,huh7_shao_in_vitro,huh7_shao_in_vitro__dinaciclib_100_nm_72_h,shao_mtt_doseresponse,pct_proliferation,"% proliferation, HuH7, 100 nM dinaciclib, 72h",22.0,% proliferation,72,h,percent proliferation vs untreated control,visual digitization uncertainty (curve-position estimate),,,,,workbook,Figure 1,A,,,PLOT_DIGITIZED,SEMI_QUANTITATIVE,False,,Curve points estimated visually from the dose-response graph.
shao_fig1a_huh7_10nm,paper_PMID31561409,huh7_shao_in_vitro,huh7_shao_in_vitro__dinaciclib_10_nm_72_h,shao_mtt_doseresponse,pct_proliferation,"% proliferation, HuH7, 10 nM dinaciclib, 72h",38.0,% proliferation,72,h,percent proliferation vs untreated control,visual digitization uncertainty (curve-position estimate),,,,,workbook,Figure 1,A,,,PLOT_DIGITIZED,SEMI_QUANTITATIVE,False,,Curve points estimated visually from the dose-response graph.
shao_fig1a_huh7_15nm,paper_PMID31561409,huh7_shao_in_vitro,huh7_shao_in_vitro__dinaciclib_15_nm_72_h,shao_mtt_doseresponse,pct_proliferation,"% proliferation, HuH7, 15 nM dinaciclib, 72h",24.0,% proliferation,72,h,percent proliferation vs untreated control,visual digitization uncertainty (curve-position estimate),,,,,workbook,Figure 1,A,,,PLOT_DIGITIZED,SEMI_QUANTITATIVE,False,,Curve points estimated visually from the dose-response graph.
shao_fig1a_huh7_20nm,paper_PMID31561409,huh7_shao_in_vitro,huh7_shao_in_vitro__dinaciclib_20_nm_72_h,shao_mtt_doseresponse,pct_proliferation,"% proliferation, HuH7, 20 nM dinaciclib, 72h",24.0,% proliferation,72,h,percent proliferation vs untreated control,visual digitization uncertainty (curve-position estimate),,,,,workbook,Figure 1,A,,,PLOT_DIGITIZED,SEMI_QUANTITATIVE,False,,Curve points estimated visually from the dose-response graph.
shao_fig1a_huh7_25nm,paper_PMID31561409,huh7_shao_in_vitro,huh7_shao_in_vitro__dinaciclib_25_nm_72_h,shao_mtt_doseresponse,pct_proliferation,"% proliferation, HuH7, 25 nM dinaciclib, 72h",24.0,% proliferation,72,h,percent proliferation vs untreated control,visual digitization uncertainty (curve-position estimate),,,,,workbook,Figure 1,A,,,PLOT_DIGITIZED,SEMI_QUANTITATIVE,False,,Curve points estimated visually from the dose-response graph.
shao_fig1a_huh7_30nm,paper_PMID31561409,huh7_shao_in_vitro,huh7_shao_in_vitro__dinaciclib_30_nm_72_h,shao_mtt_doseresponse,pct_proliferation,"% proliferation, HuH7, 30 nM dinaciclib, 72h",23.0,% proliferation,72,h,percent proliferation vs untreated control,visual digitization uncertainty (curve-position estimate),,,,,workbook,Figure 1,A,,,PLOT_DIGITIZED,SEMI_QUANTITATIVE,False,,Curve points estimated visually from the dose-response graph.
shao_fig1a_huh7_50nm,paper_PMID31561409,huh7_shao_in_vitro,huh7_shao_in_vitro__dinaciclib_50_nm_72_h,shao_mtt_doseresponse,pct_proliferation,"% proliferation, HuH7, 50 nM dinaciclib, 72h",22.0,% proliferation,72,h,percent proliferation vs untreated control,visual digitization uncertainty (curve-position estimate),,,,,workbook,Figure 1,A,,,PLOT_DIGITIZED,SEMI_QUANTITATIVE,False,,Curve points estimated visually from the dose-response graph.
shao_fig1a_huh7_5nm,paper_PMID31561409,huh7_shao_in_vitro,huh7_shao_in_vitro__dinaciclib_5_nm_72_h,shao_mtt_doseresponse,pct_proliferation,"% proliferation, HuH7, 5 nM dinaciclib, 72h",72.0,% proliferation,72,h,percent proliferation vs untreated control,visual digitization uncertainty (curve-position estimate),,,,,workbook,Figure 1,A,,,PLOT_DIGITIZED,SEMI_QUANTITATIVE,False,,Curve points estimated visually from the dose-response graph.
shao_fig1a_huh7_ic50,paper_PMID31561409,huh7_shao_in_vitro,huh7_shao_in_vitro__vehicle_control_72_h_ic50_determining_dose_response,shao_mtt_doseresponse,viability_IC50,"Dinaciclib IC50, HuH7, 72h MTT",8.5,nM,72,h,IC50,,,,,,workbook,Figure 1,A,,,DIRECT_SOURCE,QUANTITATIVE,False,,Explicit IC50 stated directly on the figure panel (preferred over back-calculation). Independent of baseline Rb/p-Rb/c-myc expression level (see Fig1B) -- a clean negative-covariate finding.
shao_fig1a_plc5_0nm,paper_PMID31561409,plc5_shao_in_vitro,plc5_shao_in_vitro__vehicle_control_72_h,shao_mtt_doseresponse,pct_proliferation,"% proliferation, PLC5, 0 nM dinaciclib, 72h",100.0,% proliferation,72,h,percent proliferation vs untreated control,visual digitization uncertainty (curve-position estimate),,,,,workbook,Figure 1,A,,,PLOT_DIGITIZED,SEMI_QUANTITATIVE,False,,Curve points estimated visually from the dose-response graph.
shao_fig1a_plc5_100nm,paper_PMID31561409,plc5_shao_in_vitro,plc5_shao_in_vitro__dinaciclib_100_nm_72_h,shao_mtt_doseresponse,pct_proliferation,"% proliferation, PLC5, 100 nM dinaciclib, 72h",15.0,% proliferation,72,h,percent proliferation vs untreated control,visual digitization uncertainty (curve-position estimate),,,,,workbook,Figure 1,A,,,PLOT_DIGITIZED,SEMI_QUANTITATIVE,False,,Curve points estimated visually from the dose-response graph.
shao_fig1a_plc5_10nm,paper_PMID31561409,plc5_shao_in_vitro,plc5_shao_in_vitro__dinaciclib_10_nm_72_h,shao_mtt_doseresponse,pct_proliferation,"% proliferation, PLC5, 10 nM dinaciclib, 72h",60.0,% proliferation,72,h,percent proliferation vs untreated control,visual digitization uncertainty (curve-position estimate),,,,,workbook,Figure 1,A,,,PLOT_DIGITIZED,SEMI_QUANTITATIVE,False,,Curve points estimated visually from the dose-response graph.
shao_fig1a_plc5_15nm,paper_PMID31561409,plc5_shao_in_vitro,plc5_shao_in_vitro__dinaciclib_15_nm_72_h,shao_mtt_doseresponse,pct_proliferation,"% proliferation, PLC5, 15 nM dinaciclib, 72h",32.0,% proliferation,72,h,percent proliferation vs untreated control,visual digitization uncertainty (curve-position estimate),,,,,workbook,Figure 1,A,,,PLOT_DIGITIZED,SEMI_QUANTITATIVE,False,,Curve points estimated visually from the dose-response graph.
shao_fig1a_plc5_20nm,paper_PMID31561409,plc5_shao_in_vitro,plc5_shao_in_vitro__dinaciclib_20_nm_72_h,shao_mtt_doseresponse,pct_proliferation,"% proliferation, PLC5, 20 nM dinaciclib, 72h",22.0,% proliferation,72,h,percent proliferation vs untreated control,visual digitization uncertainty (curve-position estimate),,,,,workbook,Figure 1,A,,,PLOT_DIGITIZED,SEMI_QUANTITATIVE,False,,Curve points estimated visually from the dose-response graph.
shao_fig1a_plc5_25nm,paper_PMID31561409,plc5_shao_in_vitro,plc5_shao_in_vitro__dinaciclib_25_nm_72_h,shao_mtt_doseresponse,pct_proliferation,"% proliferation, PLC5, 25 nM dinaciclib, 72h",20.0,% proliferation,72,h,percent proliferation vs untreated control,visual digitization uncertainty (curve-position estimate),,,,,workbook,Figure 1,A,,,PLOT_DIGITIZED,SEMI_QUANTITATIVE,False,,Curve points estimated visually from the dose-response graph.
shao_fig1a_plc5_30nm,paper_PMID31561409,plc5_shao_in_vitro,plc5_shao_in_vitro__dinaciclib_30_nm_72_h,shao_mtt_doseresponse,pct_proliferation,"% proliferation, PLC5, 30 nM dinaciclib, 72h",18.0,% proliferation,72,h,percent proliferation vs untreated control,visual digitization uncertainty (curve-position estimate),,,,,workbook,Figure 1,A,,,PLOT_DIGITIZED,SEMI_QUANTITATIVE,False,,Curve points estimated visually from the dose-response graph.
shao_fig1a_plc5_50nm,paper_PMID31561409,plc5_shao_in_vitro,plc5_shao_in_vitro__dinaciclib_50_nm_72_h,shao_mtt_doseresponse,pct_proliferation,"% proliferation, PLC5, 50 nM dinaciclib, 72h",17.0,% proliferation,72,h,percent proliferation vs untreated control,visual digitization uncertainty (curve-position estimate),,,,,workbook,Figure 1,A,,,PLOT_DIGITIZED,SEMI_QUANTITATIVE,False,,Curve points estimated visually from the dose-response graph.
shao_fig1a_plc5_5nm,paper_PMID31561409,plc5_shao_in_vitro,plc5_shao_in_vitro__dinaciclib_5_nm_72_h,shao_mtt_doseresponse,pct_proliferation,"% proliferation, PLC5, 5 nM dinaciclib, 72h",88.0,% proliferation,72,h,percent proliferation vs untreated control,visual digitization uncertainty (curve-position estimate),,,,,workbook,Figure 1,A,,,PLOT_DIGITIZED,SEMI_QUANTITATIVE,False,,Curve points estimated visually from the dose-response graph.
shao_fig1a_plc5_ic50,paper_PMID31561409,plc5_shao_in_vitro,plc5_shao_in_vitro__vehicle_control_72_h_ic50_determining_dose_response,shao_mtt_doseresponse,viability_IC50,"Dinaciclib IC50, PLC5, 72h MTT",11.8,nM,72,h,IC50,,,,,,workbook,Figure 1,A,,,DIRECT_SOURCE,QUANTITATIVE,False,,Explicit IC50 stated directly on the figure panel (preferred over back-calculation). Independent of baseline Rb/p-Rb/c-myc expression level (see Fig1B) -- a clean negative-covariate finding.
shao_fig1b_c_myc_hep3b,paper_PMID31561409,hep3b_shao_in_vitro,hep3b_shao_in_vitro__baseline_no_treatment,shao_wb_baseline,baseline_c_myc,"c-myc, Hep3B (baseline, GAPDH-normalized)",0.53,relative densitometry (GAPDH-normalized),,,densitometry ratio,,,,,,workbook,Figure 1,B,,,DIRECT_SOURCE,QUANTITATIVE,False,,Explicit densitometry printed directly above each lane; no treatment/dose series -- baseline comparison across cell lines.
shao_fig1b_c_myc_hle,paper_PMID31561409,hle_shao_in_vitro,hle_shao_in_vitro__baseline_no_treatment,shao_wb_baseline,baseline_c_myc,"c-myc, HLE (baseline, GAPDH-normalized)",0.26,relative densitometry (GAPDH-normalized),,,densitometry ratio,,,,,,workbook,Figure 1,B,,,DIRECT_SOURCE,QUANTITATIVE,False,,Explicit densitometry printed directly above each lane; no treatment/dose series -- baseline comparison across cell lines.
shao_fig1b_c_myc_huh7,paper_PMID31561409,huh7_shao_in_vitro,huh7_shao_in_vitro__baseline_no_treatment,shao_wb_baseline,baseline_c_myc,"c-myc, HuH7 (baseline, GAPDH-normalized)",0.57,relative densitometry (GAPDH-normalized),,,densitometry ratio,,,,,,workbook,Figure 1,B,,,DIRECT_SOURCE,QUANTITATIVE,False,,Explicit densitometry printed directly above each lane; no treatment/dose series -- baseline comparison across cell lines.
shao_fig1b_c_myc_plc5,paper_PMID31561409,plc5_shao_in_vitro,plc5_shao_in_vitro__baseline_no_treatment,shao_wb_baseline,baseline_c_myc,"c-myc, PLC5 (baseline, GAPDH-normalized)",0.19,relative densitometry (GAPDH-normalized),,,densitometry ratio,,,,,,workbook,Figure 1,B,,,DIRECT_SOURCE,QUANTITATIVE,False,,Explicit densitometry printed directly above each lane; no treatment/dose series -- baseline comparison across cell lines.
shao_fig1b_p_rb_s807_811_hep3b,paper_PMID31561409,hep3b_shao_in_vitro,hep3b_shao_in_vitro__baseline_no_treatment,shao_wb_baseline,baseline_p_rb_s807_811,"p-Rb (S807/811), Hep3B (baseline, GAPDH-normalized)",0.16,relative densitometry (GAPDH-normalized),,,densitometry ratio,,,,,,workbook,Figure 1,B,,,DIRECT_SOURCE,QUANTITATIVE,False,,Explicit densitometry printed directly above each lane; no treatment/dose series -- baseline comparison across cell lines.
shao_fig1b_p_rb_s807_811_hle,paper_PMID31561409,hle_shao_in_vitro,hle_shao_in_vitro__baseline_no_treatment,shao_wb_baseline,baseline_p_rb_s807_811,"p-Rb (S807/811), HLE (baseline, GAPDH-normalized)",0.16,relative densitometry (GAPDH-normalized),,,densitometry ratio,,,,,,workbook,Figure 1,B,,,DIRECT_SOURCE,QUANTITATIVE,False,,Explicit densitometry printed directly above each lane; no treatment/dose series -- baseline comparison across cell lines.
shao_fig1b_p_rb_s807_811_huh7,paper_PMID31561409,huh7_shao_in_vitro,huh7_shao_in_vitro__baseline_no_treatment,shao_wb_baseline,baseline_p_rb_s807_811,"p-Rb (S807/811), HuH7 (baseline, GAPDH-normalized)",1.51,relative densitometry (GAPDH-normalized),,,densitometry ratio,,,,,,workbook,Figure 1,B,,,DIRECT_SOURCE,QUANTITATIVE,False,,Explicit densitometry printed directly above each lane; no treatment/dose series -- baseline comparison across cell lines.
shao_fig1b_p_rb_s807_811_plc5,paper_PMID31561409,plc5_shao_in_vitro,plc5_shao_in_vitro__baseline_no_treatment,shao_wb_baseline,baseline_p_rb_s807_811,"p-Rb (S807/811), PLC5 (baseline, GAPDH-normalized)",0.35,relative densitometry (GAPDH-normalized),,,densitometry ratio,,,,,,workbook,Figure 1,B,,,DIRECT_SOURCE,QUANTITATIVE,False,,Explicit densitometry printed directly above each lane; no treatment/dose series -- baseline comparison across cell lines.
shao_fig1b_rb_total_hep3b,paper_PMID31561409,hep3b_shao_in_vitro,hep3b_shao_in_vitro__baseline_no_treatment,shao_wb_baseline,baseline_rb_total,"Rb (total), Hep3B (baseline, GAPDH-normalized)",0.53,relative densitometry (GAPDH-normalized),,,densitometry ratio,,,,,,workbook,Figure 1,B,,,DIRECT_SOURCE,QUANTITATIVE,False,,Explicit densitometry printed directly above each lane; no treatment/dose series -- baseline comparison across cell lines.
shao_fig1b_rb_total_hle,paper_PMID31561409,hle_shao_in_vitro,hle_shao_in_vitro__baseline_no_treatment,shao_wb_baseline,baseline_rb_total,"Rb (total), HLE (baseline, GAPDH-normalized)",0.57,relative densitometry (GAPDH-normalized),,,densitometry ratio,,,,,,workbook,Figure 1,B,,,DIRECT_SOURCE,QUANTITATIVE,False,,Explicit densitometry printed directly above each lane; no treatment/dose series -- baseline comparison across cell lines.
shao_fig1b_rb_total_huh7,paper_PMID31561409,huh7_shao_in_vitro,huh7_shao_in_vitro__baseline_no_treatment,shao_wb_baseline,baseline_rb_total,"Rb (total), HuH7 (baseline, GAPDH-normalized)",1.17,relative densitometry (GAPDH-normalized),,,densitometry ratio,,,,,,workbook,Figure 1,B,,,DIRECT_SOURCE,QUANTITATIVE,False,,Explicit densitometry printed directly above each lane; no treatment/dose series -- baseline comparison across cell lines.
shao_fig1b_rb_total_plc5,paper_PMID31561409,plc5_shao_in_vitro,plc5_shao_in_vitro__baseline_no_treatment,shao_wb_baseline,baseline_rb_total,"Rb (total), PLC5 (baseline, GAPDH-normalized)",0.66,relative densitometry (GAPDH-normalized),,,densitometry ratio,,,,,,workbook,Figure 1,B,,,DIRECT_SOURCE,QUANTITATIVE,False,,Explicit densitometry printed directly above each lane; no treatment/dose series -- baseline comparison across cell lines.
shao_fig1cd_huh7_0nm,paper_PMID31561409,huh7_shao_in_vitro,huh7_shao_in_vitro__vehicle_control_10_14_d_colony_formation,shao_colony_formation,colony_formation_relative,"Relative colony formation, HuH7, 0 nM dinaciclib",1.0,relative colonies (0 nM = 1.0),,,relative colony count vs 0 nM,visual digitization uncertainty (bar-height estimate),,,,,workbook,Figure 1,C-D,,,PLOT_DIGITIZED,SEMI_QUANTITATIVE,False,,"Distinct observable from viability_IC50 (Fig1A MTT, acute cytostasis) -- clonogenic/reproductive-death readout. PLC5 is MORE sensitive at 5 nM (0.62 relative colonies) than HuH7 (0.09), an inversion of the MTT IC50 ranking (HuH7 more sensitive by MTT: 8.5 vs 11.8 nM) -- do not treat these two potency measures as interchangeable."
shao_fig1cd_huh7_10nm,paper_PMID31561409,huh7_shao_in_vitro,huh7_shao_in_vitro__dinaciclib_10_nm_10_14_d_colony_formation,shao_colony_formation,colony_formation_relative,"Relative colony formation, HuH7, 10 nM dinaciclib",0.02,relative colonies (0 nM = 1.0),,,relative colony count vs 0 nM,visual digitization uncertainty (bar-height estimate),,,,,workbook,Figure 1,C-D,,,PLOT_DIGITIZED,SEMI_QUANTITATIVE,False,,"Distinct observable from viability_IC50 (Fig1A MTT, acute cytostasis) -- clonogenic/reproductive-death readout. PLC5 is MORE sensitive at 5 nM (0.62 relative colonies) than HuH7 (0.09), an inversion of the MTT IC50 ranking (HuH7 more sensitive by MTT: 8.5 vs 11.8 nM) -- do not treat these two potency measures as interchangeable."
shao_fig1cd_huh7_5nm,paper_PMID31561409,huh7_shao_in_vitro,huh7_shao_in_vitro__dinaciclib_5_nm_10_14_d_colony_formation,shao_colony_formation,colony_formation_relative,"Relative colony formation, HuH7, 5 nM dinaciclib",0.08,relative colonies (0 nM = 1.0),,,relative colony count vs 0 nM,visual digitization uncertainty (bar-height estimate),,,,,workbook,Figure 1,C-D,,,PLOT_DIGITIZED,SEMI_QUANTITATIVE,False,,"Distinct observable from viability_IC50 (Fig1A MTT, acute cytostasis) -- clonogenic/reproductive-death readout. PLC5 is MORE sensitive at 5 nM (0.62 relative colonies) than HuH7 (0.09), an inversion of the MTT IC50 ranking (HuH7 more sensitive by MTT: 8.5 vs 11.8 nM) -- do not treat these two potency measures as interchangeable."
shao_fig1cd_plc5_0nm,paper_PMID31561409,plc5_shao_in_vitro,plc5_shao_in_vitro__vehicle_control_10_14_d_colony_formation,shao_colony_formation,colony_formation_relative,"Relative colony formation, PLC5, 0 nM dinaciclib",1.0,relative colonies (0 nM = 1.0),,,relative colony count vs 0 nM,visual digitization uncertainty (bar-height estimate),,,,,workbook,Figure 1,C-D,,,PLOT_DIGITIZED,SEMI_QUANTITATIVE,False,,"Distinct observable from viability_IC50 (Fig1A MTT, acute cytostasis) -- clonogenic/reproductive-death readout. PLC5 is MORE sensitive at 5 nM (0.62 relative colonies) than HuH7 (0.09), an inversion of the MTT IC50 ranking (HuH7 more sensitive by MTT: 8.5 vs 11.8 nM) -- do not treat these two potency measures as interchangeable."
shao_fig1cd_plc5_10nm,paper_PMID31561409,plc5_shao_in_vitro,plc5_shao_in_vitro__dinaciclib_10_nm_10_14_d_colony_formation,shao_colony_formation,colony_formation_relative,"Relative colony formation, PLC5, 10 nM dinaciclib",0.18,relative colonies (0 nM = 1.0),,,relative colony count vs 0 nM,visual digitization uncertainty (bar-height estimate),,,,,workbook,Figure 1,C-D,,,PLOT_DIGITIZED,SEMI_QUANTITATIVE,False,,"Distinct observable from viability_IC50 (Fig1A MTT, acute cytostasis) -- clonogenic/reproductive-death readout. PLC5 is MORE sensitive at 5 nM (0.62 relative colonies) than HuH7 (0.09), an inversion of the MTT IC50 ranking (HuH7 more sensitive by MTT: 8.5 vs 11.8 nM) -- do not treat these two potency measures as interchangeable."
shao_fig1cd_plc5_5nm,paper_PMID31561409,plc5_shao_in_vitro,plc5_shao_in_vitro__dinaciclib_5_nm_10_14_d_colony_formation,shao_colony_formation,colony_formation_relative,"Relative colony formation, PLC5, 5 nM dinaciclib",0.62,relative colonies (0 nM = 1.0),,,relative colony count vs 0 nM,visual digitization uncertainty (bar-height estimate),,,,,workbook,Figure 1,C-D,,,PLOT_DIGITIZED,SEMI_QUANTITATIVE,False,,"Distinct observable from viability_IC50 (Fig1A MTT, acute cytostasis) -- clonogenic/reproductive-death readout. PLC5 is MORE sensitive at 5 nM (0.62 relative colonies) than HuH7 (0.09), an inversion of the MTT IC50 ranking (HuH7 more sensitive by MTT: 8.5 vs 11.8 nM) -- do not treat these two potency measures as interchangeable."
shao_fig1ef_huh7_g0_g1_0nm,paper_PMID31561409,huh7_shao_in_vitro,huh7_shao_in_vitro__vehicle_control_48_h_cell_cycle,shao_cell_cycle,cellcycle_pct_g0_g1,"% G0/G1, HuH7, 0 nM dinaciclib, 48h",49.0,% of cells,48,h,percent of gated cells by cell-cycle phase,visual digitization uncertainty (bar-height estimate),,,,,workbook,Figure 1,E-F,,,PLOT_DIGITIZED,SEMI_QUANTITATIVE,False,,Clear dose-dependent G2/M accumulation in both lines.
shao_fig1ef_huh7_g0_g1_10nm,paper_PMID31561409,huh7_shao_in_vitro,huh7_shao_in_vitro__dinaciclib_10_nm_48_h_cell_cycle,shao_cell_cycle,cellcycle_pct_g0_g1,"% G0/G1, HuH7, 10 nM dinaciclib, 48h",45.0,% of cells,48,h,percent of gated cells by cell-cycle phase,visual digitization uncertainty (bar-height estimate),,,,,workbook,Figure 1,E-F,,,PLOT_DIGITIZED,SEMI_QUANTITATIVE,False,,Clear dose-dependent G2/M accumulation in both lines.
shao_fig1ef_huh7_g0_g1_15nm,paper_PMID31561409,huh7_shao_in_vitro,huh7_shao_in_vitro__dinaciclib_15_nm_48_h_cell_cycle,shao_cell_cycle,cellcycle_pct_g0_g1,"% G0/G1, HuH7, 15 nM dinaciclib, 48h",48.0,% of cells,48,h,percent of gated cells by cell-cycle phase,visual digitization uncertainty (bar-height estimate),,,,,workbook,Figure 1,E-F,,,PLOT_DIGITIZED,SEMI_QUANTITATIVE,False,,Clear dose-dependent G2/M accumulation in both lines.
shao_fig1ef_huh7_g0_g1_5nm,paper_PMID31561409,huh7_shao_in_vitro,huh7_shao_in_vitro__dinaciclib_5_nm_48_h_cell_cycle,shao_cell_cycle,cellcycle_pct_g0_g1,"% G0/G1, HuH7, 5 nM dinaciclib, 48h",50.0,% of cells,48,h,percent of gated cells by cell-cycle phase,visual digitization uncertainty (bar-height estimate),,,,,workbook,Figure 1,E-F,,,PLOT_DIGITIZED,SEMI_QUANTITATIVE,False,,Clear dose-dependent G2/M accumulation in both lines.
shao_fig1ef_huh7_g2m_0nm,paper_PMID31561409,huh7_shao_in_vitro,huh7_shao_in_vitro__vehicle_control_48_h_cell_cycle,shao_cell_cycle,cellcycle_pct_g2m,"% G2M, HuH7, 0 nM dinaciclib, 48h",11.0,% of cells,48,h,percent of gated cells by cell-cycle phase,visual digitization uncertainty (bar-height estimate),,,,,workbook,Figure 1,E-F,,,PLOT_DIGITIZED,SEMI_QUANTITATIVE,False,,Clear dose-dependent G2/M accumulation in both lines.
shao_fig1ef_huh7_g2m_10nm,paper_PMID31561409,huh7_shao_in_vitro,huh7_shao_in_vitro__dinaciclib_10_nm_48_h_cell_cycle,shao_cell_cycle,cellcycle_pct_g2m,"% G2M, HuH7, 10 nM dinaciclib, 48h",23.0,% of cells,48,h,percent of gated cells by cell-cycle phase,visual digitization uncertainty (bar-height estimate),,,,,workbook,Figure 1,E-F,,,PLOT_DIGITIZED,SEMI_QUANTITATIVE,False,,Clear dose-dependent G2/M accumulation in both lines.
shao_fig1ef_huh7_g2m_15nm,paper_PMID31561409,huh7_shao_in_vitro,huh7_shao_in_vitro__dinaciclib_15_nm_48_h_cell_cycle,shao_cell_cycle,cellcycle_pct_g2m,"% G2M, HuH7, 15 nM dinaciclib, 48h",27.0,% of cells,48,h,percent of gated cells by cell-cycle phase,visual digitization uncertainty (bar-height estimate),,,,,workbook,Figure 1,E-F,,,PLOT_DIGITIZED,SEMI_QUANTITATIVE,False,,Clear dose-dependent G2/M accumulation in both lines.
shao_fig1ef_huh7_g2m_5nm,paper_PMID31561409,huh7_shao_in_vitro,huh7_shao_in_vitro__dinaciclib_5_nm_48_h_cell_cycle,shao_cell_cycle,cellcycle_pct_g2m,"% G2M, HuH7, 5 nM dinaciclib, 48h",11.0,% of cells,48,h,percent of gated cells by cell-cycle phase,visual digitization uncertainty (bar-height estimate),,,,,workbook,Figure 1,E-F,,,PLOT_DIGITIZED,SEMI_QUANTITATIVE,False,,Clear dose-dependent G2/M accumulation in both lines.
shao_fig1ef_huh7_s_0nm,paper_PMID31561409,huh7_shao_in_vitro,huh7_shao_in_vitro__vehicle_control_48_h_cell_cycle,shao_cell_cycle,cellcycle_pct_s,"% S, HuH7, 0 nM dinaciclib, 48h",40.0,% of cells,48,h,percent of gated cells by cell-cycle phase,visual digitization uncertainty (bar-height estimate),,,,,workbook,Figure 1,E-F,,,PLOT_DIGITIZED,SEMI_QUANTITATIVE,False,,Clear dose-dependent G2/M accumulation in both lines.
shao_fig1ef_huh7_s_10nm,paper_PMID31561409,huh7_shao_in_vitro,huh7_shao_in_vitro__dinaciclib_10_nm_48_h_cell_cycle,shao_cell_cycle,cellcycle_pct_s,"% S, HuH7, 10 nM dinaciclib, 48h",32.0,% of cells,48,h,percent of gated cells by cell-cycle phase,visual digitization uncertainty (bar-height estimate),,,,,workbook,Figure 1,E-F,,,PLOT_DIGITIZED,SEMI_QUANTITATIVE,False,,Clear dose-dependent G2/M accumulation in both lines.
shao_fig1ef_huh7_s_15nm,paper_PMID31561409,huh7_shao_in_vitro,huh7_shao_in_vitro__dinaciclib_15_nm_48_h_cell_cycle,shao_cell_cycle,cellcycle_pct_s,"% S, HuH7, 15 nM dinaciclib, 48h",25.0,% of cells,48,h,percent of gated cells by cell-cycle phase,visual digitization uncertainty (bar-height estimate),,,,,workbook,Figure 1,E-F,,,PLOT_DIGITIZED,SEMI_QUANTITATIVE,False,,Clear dose-dependent G2/M accumulation in both lines.
shao_fig1ef_huh7_s_5nm,paper_PMID31561409,huh7_shao_in_vitro,huh7_shao_in_vitro__dinaciclib_5_nm_48_h_cell_cycle,shao_cell_cycle,cellcycle_pct_s,"% S, HuH7, 5 nM dinaciclib, 48h",39.0,% of cells,48,h,percent of gated cells by cell-cycle phase,visual digitization uncertainty (bar-height estimate),,,,,workbook,Figure 1,E-F,,,PLOT_DIGITIZED,SEMI_QUANTITATIVE,False,,Clear dose-dependent G2/M accumulation in both lines.
shao_fig1ef_plc5_g0_g1_0nm,paper_PMID31561409,plc5_shao_in_vitro,plc5_shao_in_vitro__vehicle_control_48_h_cell_cycle,shao_cell_cycle,cellcycle_pct_g0_g1,"% G0/G1, PLC5, 0 nM dinaciclib, 48h",46.0,% of cells,48,h,percent of gated cells by cell-cycle phase,visual digitization uncertainty (bar-height estimate),,,,,workbook,Figure 1,E-F,,,PLOT_DIGITIZED,SEMI_QUANTITATIVE,False,,Clear dose-dependent G2/M accumulation in both lines.
shao_fig1ef_plc5_g0_g1_10nm,paper_PMID31561409,plc5_shao_in_vitro,plc5_shao_in_vitro__dinaciclib_10_nm_48_h_cell_cycle,shao_cell_cycle,cellcycle_pct_g0_g1,"% G0/G1, PLC5, 10 nM dinaciclib, 48h",35.0,% of cells,48,h,percent of gated cells by cell-cycle phase,visual digitization uncertainty (bar-height estimate),,,,,workbook,Figure 1,E-F,,,PLOT_DIGITIZED,SEMI_QUANTITATIVE,False,,Clear dose-dependent G2/M accumulation in both lines.
shao_fig1ef_plc5_g0_g1_15nm,paper_PMID31561409,plc5_shao_in_vitro,plc5_shao_in_vitro__dinaciclib_15_nm_48_h_cell_cycle,shao_cell_cycle,cellcycle_pct_g0_g1,"% G0/G1, PLC5, 15 nM dinaciclib, 48h",38.0,% of cells,48,h,percent of gated cells by cell-cycle phase,visual digitization uncertainty (bar-height estimate),,,,,workbook,Figure 1,E-F,,,PLOT_DIGITIZED,SEMI_QUANTITATIVE,False,,Clear dose-dependent G2/M accumulation in both lines.
shao_fig1ef_plc5_g0_g1_5nm,paper_PMID31561409,plc5_shao_in_vitro,plc5_shao_in_vitro__dinaciclib_5_nm_48_h_cell_cycle,shao_cell_cycle,cellcycle_pct_g0_g1,"% G0/G1, PLC5, 5 nM dinaciclib, 48h",35.0,% of cells,48,h,percent of gated cells by cell-cycle phase,visual digitization uncertainty (bar-height estimate),,,,,workbook,Figure 1,E-F,,,PLOT_DIGITIZED,SEMI_QUANTITATIVE,False,,Clear dose-dependent G2/M accumulation in both lines.
shao_fig1ef_plc5_g2m_0nm,paper_PMID31561409,plc5_shao_in_vitro,plc5_shao_in_vitro__vehicle_control_48_h_cell_cycle,shao_cell_cycle,cellcycle_pct_g2m,"% G2M, PLC5, 0 nM dinaciclib, 48h",15.0,% of cells,48,h,percent of gated cells by cell-cycle phase,visual digitization uncertainty (bar-height estimate),,,,,workbook,Figure 1,E-F,,,PLOT_DIGITIZED,SEMI_QUANTITATIVE,False,,Clear dose-dependent G2/M accumulation in both lines.
shao_fig1ef_plc5_g2m_10nm,paper_PMID31561409,plc5_shao_in_vitro,plc5_shao_in_vitro__dinaciclib_10_nm_48_h_cell_cycle,shao_cell_cycle,cellcycle_pct_g2m,"% G2M, PLC5, 10 nM dinaciclib, 48h",26.0,% of cells,48,h,percent of gated cells by cell-cycle phase,visual digitization uncertainty (bar-height estimate),,,,,workbook,Figure 1,E-F,,,PLOT_DIGITIZED,SEMI_QUANTITATIVE,False,,Clear dose-dependent G2/M accumulation in both lines.
shao_fig1ef_plc5_g2m_15nm,paper_PMID31561409,plc5_shao_in_vitro,plc5_shao_in_vitro__dinaciclib_15_nm_48_h_cell_cycle,shao_cell_cycle,cellcycle_pct_g2m,"% G2M, PLC5, 15 nM dinaciclib, 48h",32.0,% of cells,48,h,percent of gated cells by cell-cycle phase,visual digitization uncertainty (bar-height estimate),,,,,workbook,Figure 1,E-F,,,PLOT_DIGITIZED,SEMI_QUANTITATIVE,False,,Clear dose-dependent G2/M accumulation in both lines.
shao_fig1ef_plc5_g2m_5nm,paper_PMID31561409,plc5_shao_in_vitro,plc5_shao_in_vitro__dinaciclib_5_nm_48_h_cell_cycle,shao_cell_cycle,cellcycle_pct_g2m,"% G2M, PLC5, 5 nM dinaciclib, 48h",19.0,% of cells,48,h,percent of gated cells by cell-cycle phase,visual digitization uncertainty (bar-height estimate),,,,,workbook,Figure 1,E-F,,,PLOT_DIGITIZED,SEMI_QUANTITATIVE,False,,Clear dose-dependent G2/M accumulation in both lines.
shao_fig1ef_plc5_s_0nm,paper_PMID31561409,plc5_shao_in_vitro,plc5_shao_in_vitro__vehicle_control_48_h_cell_cycle,shao_cell_cycle,cellcycle_pct_s,"% S, PLC5, 0 nM dinaciclib, 48h",40.0,% of cells,48,h,percent of gated cells by cell-cycle phase,visual digitization uncertainty (bar-height estimate),,,,,workbook,Figure 1,E-F,,,PLOT_DIGITIZED,SEMI_QUANTITATIVE,False,,Clear dose-dependent G2/M accumulation in both lines.
shao_fig1ef_plc5_s_10nm,paper_PMID31561409,plc5_shao_in_vitro,plc5_shao_in_vitro__dinaciclib_10_nm_48_h_cell_cycle,shao_cell_cycle,cellcycle_pct_s,"% S, PLC5, 10 nM dinaciclib, 48h",31.0,% of cells,48,h,percent of gated cells by cell-cycle phase,visual digitization uncertainty (bar-height estimate),,,,,workbook,Figure 1,E-F,,,PLOT_DIGITIZED,SEMI_QUANTITATIVE,False,,Clear dose-dependent G2/M accumulation in both lines.
shao_fig1ef_plc5_s_15nm,paper_PMID31561409,plc5_shao_in_vitro,plc5_shao_in_vitro__dinaciclib_15_nm_48_h_cell_cycle,shao_cell_cycle,cellcycle_pct_s,"% S, PLC5, 15 nM dinaciclib, 48h",28.0,% of cells,48,h,percent of gated cells by cell-cycle phase,visual digitization uncertainty (bar-height estimate),,,,,workbook,Figure 1,E-F,,,PLOT_DIGITIZED,SEMI_QUANTITATIVE,False,,Clear dose-dependent G2/M accumulation in both lines.
shao_fig1ef_plc5_s_5nm,paper_PMID31561409,plc5_shao_in_vitro,plc5_shao_in_vitro__dinaciclib_5_nm_48_h_cell_cycle,shao_cell_cycle,cellcycle_pct_s,"% S, PLC5, 5 nM dinaciclib, 48h",40.0,% of cells,48,h,percent of gated cells by cell-cycle phase,visual digitization uncertainty (bar-height estimate),,,,,workbook,Figure 1,E-F,,,PLOT_DIGITIZED,SEMI_QUANTITATIVE,False,,Clear dose-dependent G2/M accumulation in both lines.
shao_fig3a_p_rb_s807_811_huh7_48h_0nm,paper_PMID31561409,huh7_shao_in_vitro,huh7_shao_in_vitro__vehicle_control_48_h_target_engagement,shao_wb_target_engagement,densitometry_p_rb_s807_811,"p-Rb (S807/811), HuH7, 48h, 0 nM dinaciclib",0.66,relative densitometry,48.0,h,densitometry ratio,,,,,,workbook,Figure 3,A,,,DIRECT_SOURCE,QUANTITATIVE,False,,Explicit densitometry printed directly below each lane.
shao_fig3a_p_rb_s807_811_huh7_48h_10nm,paper_PMID31561409,huh7_shao_in_vitro,huh7_shao_in_vitro__dinaciclib_10_nm_48_h_target_engagement,shao_wb_target_engagement,densitometry_p_rb_s807_811,"p-Rb (S807/811), HuH7, 48h, 10 nM dinaciclib",0.5,relative densitometry,48.0,h,densitometry ratio,,,,,,workbook,Figure 3,A,,,DIRECT_SOURCE,QUANTITATIVE,False,,Explicit densitometry printed directly below each lane.
shao_fig3a_p_rb_s807_811_huh7_48h_15nm,paper_PMID31561409,huh7_shao_in_vitro,huh7_shao_in_vitro__dinaciclib_15_nm_48_h_target_engagement,shao_wb_target_engagement,densitometry_p_rb_s807_811,"p-Rb (S807/811), HuH7, 48h, 15 nM dinaciclib",0.43,relative densitometry,48.0,h,densitometry ratio,,,,,,workbook,Figure 3,A,,,DIRECT_SOURCE,QUANTITATIVE,False,,Explicit densitometry printed directly below each lane.
shao_fig3a_p_rb_s807_811_huh7_48h_5nm,paper_PMID31561409,huh7_shao_in_vitro,huh7_shao_in_vitro__dinaciclib_5_nm_48_h_target_engagement,shao_wb_target_engagement,densitometry_p_rb_s807_811,"p-Rb (S807/811), HuH7, 48h, 5 nM dinaciclib",0.93,relative densitometry,48.0,h,densitometry ratio,,,,,,workbook,Figure 3,A,,,DIRECT_SOURCE,QUANTITATIVE,False,,Explicit densitometry printed directly below each lane.
shao_fig3a_p_rb_s807_811_huh7_72h_0nm,paper_PMID31561409,huh7_shao_in_vitro,huh7_shao_in_vitro__vehicle_control_72_h_target_engagement,shao_wb_target_engagement,densitometry_p_rb_s807_811,"p-Rb (S807/811), HuH7, 72h, 0 nM dinaciclib",0.66,relative densitometry,72.0,h,densitometry ratio,,,,,,workbook,Figure 3,A,,,DIRECT_SOURCE,QUANTITATIVE,False,,Explicit densitometry printed directly below each lane.
shao_fig3a_p_rb_s807_811_huh7_72h_10nm,paper_PMID31561409,huh7_shao_in_vitro,huh7_shao_in_vitro__dinaciclib_10_nm_72_h_target_engagement,shao_wb_target_engagement,densitometry_p_rb_s807_811,"p-Rb (S807/811), HuH7, 72h, 10 nM dinaciclib",0.42,relative densitometry,72.0,h,densitometry ratio,,,,,,workbook,Figure 3,A,,,DIRECT_SOURCE,QUANTITATIVE,False,,Explicit densitometry printed directly below each lane.
shao_fig3a_p_rb_s807_811_huh7_72h_15nm,paper_PMID31561409,huh7_shao_in_vitro,huh7_shao_in_vitro__dinaciclib_15_nm_72_h_target_engagement,shao_wb_target_engagement,densitometry_p_rb_s807_811,"p-Rb (S807/811), HuH7, 72h, 15 nM dinaciclib",0.33,relative densitometry,72.0,h,densitometry ratio,,,,,,workbook,Figure 3,A,,,DIRECT_SOURCE,QUANTITATIVE,False,,Explicit densitometry printed directly below each lane.
shao_fig3a_p_rb_s807_811_huh7_72h_5nm,paper_PMID31561409,huh7_shao_in_vitro,huh7_shao_in_vitro__dinaciclib_5_nm_72_h_target_engagement,shao_wb_target_engagement,densitometry_p_rb_s807_811,"p-Rb (S807/811), HuH7, 72h, 5 nM dinaciclib",0.58,relative densitometry,72.0,h,densitometry ratio,,,,,,workbook,Figure 3,A,,,DIRECT_SOURCE,QUANTITATIVE,False,,Explicit densitometry printed directly below each lane.
shao_fig3a_p_rb_s807_811_plc5_48h_0nm,paper_PMID31561409,plc5_shao_in_vitro,plc5_shao_in_vitro__vehicle_control_48_h_target_engagement,shao_wb_target_engagement,densitometry_p_rb_s807_811,"p-Rb (S807/811), PLC5, 48h, 0 nM dinaciclib",1.1,relative densitometry,48.0,h,densitometry ratio,,,,,,workbook,Figure 3,A,,,DIRECT_SOURCE,QUANTITATIVE,False,,Explicit densitometry printed directly below each lane.
shao_fig3a_p_rb_s807_811_plc5_48h_10nm,paper_PMID31561409,plc5_shao_in_vitro,plc5_shao_in_vitro__dinaciclib_10_nm_48_h_target_engagement,shao_wb_target_engagement,densitometry_p_rb_s807_811,"p-Rb (S807/811), PLC5, 48h, 10 nM dinaciclib",0.24,relative densitometry,48.0,h,densitometry ratio,,,,,,workbook,Figure 3,A,,,DIRECT_SOURCE,QUANTITATIVE,False,,Explicit densitometry printed directly below each lane.
shao_fig3a_p_rb_s807_811_plc5_48h_15nm,paper_PMID31561409,plc5_shao_in_vitro,plc5_shao_in_vitro__dinaciclib_15_nm_48_h_target_engagement,shao_wb_target_engagement,densitometry_p_rb_s807_811,"p-Rb (S807/811), PLC5, 48h, 15 nM dinaciclib",0.01,relative densitometry,48.0,h,densitometry ratio,,,,,,workbook,Figure 3,A,,,DIRECT_SOURCE,QUANTITATIVE,False,,Explicit densitometry printed directly below each lane.
shao_fig3a_p_rb_s807_811_plc5_48h_5nm,paper_PMID31561409,plc5_shao_in_vitro,plc5_shao_in_vitro__dinaciclib_5_nm_48_h_target_engagement,shao_wb_target_engagement,densitometry_p_rb_s807_811,"p-Rb (S807/811), PLC5, 48h, 5 nM dinaciclib",1.16,relative densitometry,48.0,h,densitometry ratio,,,,,,workbook,Figure 3,A,,,DIRECT_SOURCE,QUANTITATIVE,False,,Explicit densitometry printed directly below each lane.
shao_fig3a_p_rb_s807_811_plc5_72h_0nm,paper_PMID31561409,plc5_shao_in_vitro,plc5_shao_in_vitro__vehicle_control_72_h_target_engagement,shao_wb_target_engagement,densitometry_p_rb_s807_811,"p-Rb (S807/811), PLC5, 72h, 0 nM dinaciclib",0.29,relative densitometry,72.0,h,densitometry ratio,,,,,,workbook,Figure 3,A,,,DIRECT_SOURCE,QUANTITATIVE,False,,Explicit densitometry printed directly below each lane.
shao_fig3a_p_rb_s807_811_plc5_72h_10nm,paper_PMID31561409,plc5_shao_in_vitro,plc5_shao_in_vitro__dinaciclib_10_nm_72_h_target_engagement,shao_wb_target_engagement,densitometry_p_rb_s807_811,"p-Rb (S807/811), PLC5, 72h, 10 nM dinaciclib",0.17,relative densitometry,72.0,h,densitometry ratio,,,,,,workbook,Figure 3,A,,,DIRECT_SOURCE,QUANTITATIVE,False,,Explicit densitometry printed directly below each lane.
shao_fig3a_p_rb_s807_811_plc5_72h_15nm,paper_PMID31561409,plc5_shao_in_vitro,plc5_shao_in_vitro__dinaciclib_15_nm_72_h_target_engagement,shao_wb_target_engagement,densitometry_p_rb_s807_811,"p-Rb (S807/811), PLC5, 72h, 15 nM dinaciclib",0.01,relative densitometry,72.0,h,densitometry ratio,,,,,,workbook,Figure 3,A,,,DIRECT_SOURCE,QUANTITATIVE,False,,Explicit densitometry printed directly below each lane.
shao_fig3a_p_rb_s807_811_plc5_72h_5nm,paper_PMID31561409,plc5_shao_in_vitro,plc5_shao_in_vitro__dinaciclib_5_nm_72_h_target_engagement,shao_wb_target_engagement,densitometry_p_rb_s807_811,"p-Rb (S807/811), PLC5, 72h, 5 nM dinaciclib",0.61,relative densitometry,72.0,h,densitometry ratio,,,,,,workbook,Figure 3,A,,,DIRECT_SOURCE,QUANTITATIVE,False,,Explicit densitometry printed directly below each lane.
shao_fig3a_p_rnpii_s2_huh7_48h_0nm,paper_PMID31561409,huh7_shao_in_vitro,huh7_shao_in_vitro__vehicle_control_48_h_target_engagement,shao_wb_target_engagement,densitometry_p_rnpii_s2,"p-RNPII (S2), HuH7, 48h, 0 nM dinaciclib",0.52,relative densitometry,48.0,h,densitometry ratio,,,,,,workbook,Figure 3,A,,,DIRECT_SOURCE,QUANTITATIVE,False,,Explicit densitometry printed directly below each lane.
shao_fig3a_p_rnpii_s2_huh7_48h_10nm,paper_PMID31561409,huh7_shao_in_vitro,huh7_shao_in_vitro__dinaciclib_10_nm_48_h_target_engagement,shao_wb_target_engagement,densitometry_p_rnpii_s2,"p-RNPII (S2), HuH7, 48h, 10 nM dinaciclib",0.72,relative densitometry,48.0,h,densitometry ratio,,,,,,workbook,Figure 3,A,,,DIRECT_SOURCE,QUANTITATIVE,False,,Explicit densitometry printed directly below each lane.
shao_fig3a_p_rnpii_s2_huh7_48h_15nm,paper_PMID31561409,huh7_shao_in_vitro,huh7_shao_in_vitro__dinaciclib_15_nm_48_h_target_engagement,shao_wb_target_engagement,densitometry_p_rnpii_s2,"p-RNPII (S2), HuH7, 48h, 15 nM dinaciclib",0.57,relative densitometry,48.0,h,densitometry ratio,,,,,,workbook,Figure 3,A,,,DIRECT_SOURCE,QUANTITATIVE,False,,Explicit densitometry printed directly below each lane.
shao_fig3a_p_rnpii_s2_huh7_48h_5nm,paper_PMID31561409,huh7_shao_in_vitro,huh7_shao_in_vitro__dinaciclib_5_nm_48_h_target_engagement,shao_wb_target_engagement,densitometry_p_rnpii_s2,"p-RNPII (S2), HuH7, 48h, 5 nM dinaciclib",0.94,relative densitometry,48.0,h,densitometry ratio,,,,,,workbook,Figure 3,A,,,DIRECT_SOURCE,QUANTITATIVE,False,,Explicit densitometry printed directly below each lane.
shao_fig3a_p_rnpii_s2_huh7_72h_0nm,paper_PMID31561409,huh7_shao_in_vitro,huh7_shao_in_vitro__vehicle_control_72_h_target_engagement,shao_wb_target_engagement,densitometry_p_rnpii_s2,"p-RNPII (S2), HuH7, 72h, 0 nM dinaciclib",0.52,relative densitometry,72.0,h,densitometry ratio,,,,,,workbook,Figure 3,A,,,DIRECT_SOURCE,QUANTITATIVE,False,,Explicit densitometry printed directly below each lane.
shao_fig3a_p_rnpii_s2_huh7_72h_10nm,paper_PMID31561409,huh7_shao_in_vitro,huh7_shao_in_vitro__dinaciclib_10_nm_72_h_target_engagement,shao_wb_target_engagement,densitometry_p_rnpii_s2,"p-RNPII (S2), HuH7, 72h, 10 nM dinaciclib",0.27,relative densitometry,72.0,h,densitometry ratio,,,,,,workbook,Figure 3,A,,,DIRECT_SOURCE,QUANTITATIVE,False,,Explicit densitometry printed directly below each lane.
shao_fig3a_p_rnpii_s2_huh7_72h_15nm,paper_PMID31561409,huh7_shao_in_vitro,huh7_shao_in_vitro__dinaciclib_15_nm_72_h_target_engagement,shao_wb_target_engagement,densitometry_p_rnpii_s2,"p-RNPII (S2), HuH7, 72h, 15 nM dinaciclib",0.1,relative densitometry,72.0,h,densitometry ratio,,,,,,workbook,Figure 3,A,,,DIRECT_SOURCE,QUANTITATIVE,False,,Explicit densitometry printed directly below each lane.
shao_fig3a_p_rnpii_s2_huh7_72h_5nm,paper_PMID31561409,huh7_shao_in_vitro,huh7_shao_in_vitro__dinaciclib_5_nm_72_h_target_engagement,shao_wb_target_engagement,densitometry_p_rnpii_s2,"p-RNPII (S2), HuH7, 72h, 5 nM dinaciclib",0.42,relative densitometry,72.0,h,densitometry ratio,,,,,,workbook,Figure 3,A,,,DIRECT_SOURCE,QUANTITATIVE,False,,Explicit densitometry printed directly below each lane.
shao_fig3a_p_rnpii_s2_plc5_48h_0nm,paper_PMID31561409,plc5_shao_in_vitro,plc5_shao_in_vitro__vehicle_control_48_h_target_engagement,shao_wb_target_engagement,densitometry_p_rnpii_s2,"p-RNPII (S2), PLC5, 48h, 0 nM dinaciclib",1.18,relative densitometry,48.0,h,densitometry ratio,,,,,,workbook,Figure 3,A,,,DIRECT_SOURCE,QUANTITATIVE,False,,Explicit densitometry printed directly below each lane.
shao_fig3a_p_rnpii_s2_plc5_48h_10nm,paper_PMID31561409,plc5_shao_in_vitro,plc5_shao_in_vitro__dinaciclib_10_nm_48_h_target_engagement,shao_wb_target_engagement,densitometry_p_rnpii_s2,"p-RNPII (S2), PLC5, 48h, 10 nM dinaciclib",0.68,relative densitometry,48.0,h,densitometry ratio,,,,,,workbook,Figure 3,A,,,DIRECT_SOURCE,QUANTITATIVE,False,,Explicit densitometry printed directly below each lane.
shao_fig3a_p_rnpii_s2_plc5_48h_15nm,paper_PMID31561409,plc5_shao_in_vitro,plc5_shao_in_vitro__dinaciclib_15_nm_48_h_target_engagement,shao_wb_target_engagement,densitometry_p_rnpii_s2,"p-RNPII (S2), PLC5, 48h, 15 nM dinaciclib",0.51,relative densitometry,48.0,h,densitometry ratio,,,,,,workbook,Figure 3,A,,,DIRECT_SOURCE,QUANTITATIVE,False,,Explicit densitometry printed directly below each lane.
shao_fig3a_p_rnpii_s2_plc5_48h_5nm,paper_PMID31561409,plc5_shao_in_vitro,plc5_shao_in_vitro__dinaciclib_5_nm_48_h_target_engagement,shao_wb_target_engagement,densitometry_p_rnpii_s2,"p-RNPII (S2), PLC5, 48h, 5 nM dinaciclib",1.09,relative densitometry,48.0,h,densitometry ratio,,,,,,workbook,Figure 3,A,,,DIRECT_SOURCE,QUANTITATIVE,False,,Explicit densitometry printed directly below each lane.
shao_fig3a_p_rnpii_s2_plc5_72h_0nm,paper_PMID31561409,plc5_shao_in_vitro,plc5_shao_in_vitro__vehicle_control_72_h_target_engagement,shao_wb_target_engagement,densitometry_p_rnpii_s2,"p-RNPII (S2), PLC5, 72h, 0 nM dinaciclib",0.75,relative densitometry,72.0,h,densitometry ratio,,,,,,workbook,Figure 3,A,,,DIRECT_SOURCE,QUANTITATIVE,False,,Explicit densitometry printed directly below each lane.
shao_fig3a_p_rnpii_s2_plc5_72h_10nm,paper_PMID31561409,plc5_shao_in_vitro,plc5_shao_in_vitro__dinaciclib_10_nm_72_h_target_engagement,shao_wb_target_engagement,densitometry_p_rnpii_s2,"p-RNPII (S2), PLC5, 72h, 10 nM dinaciclib",0.66,relative densitometry,72.0,h,densitometry ratio,,,,,,workbook,Figure 3,A,,,DIRECT_SOURCE,QUANTITATIVE,False,,Explicit densitometry printed directly below each lane.
shao_fig3a_p_rnpii_s2_plc5_72h_15nm,paper_PMID31561409,plc5_shao_in_vitro,plc5_shao_in_vitro__dinaciclib_15_nm_72_h_target_engagement,shao_wb_target_engagement,densitometry_p_rnpii_s2,"p-RNPII (S2), PLC5, 72h, 15 nM dinaciclib",0.23,relative densitometry,72.0,h,densitometry ratio,,,,,,workbook,Figure 3,A,,,DIRECT_SOURCE,QUANTITATIVE,False,,Explicit densitometry printed directly below each lane.
shao_fig3a_p_rnpii_s2_plc5_72h_5nm,paper_PMID31561409,plc5_shao_in_vitro,plc5_shao_in_vitro__dinaciclib_5_nm_72_h_target_engagement,shao_wb_target_engagement,densitometry_p_rnpii_s2,"p-RNPII (S2), PLC5, 72h, 5 nM dinaciclib",0.75,relative densitometry,72.0,h,densitometry ratio,,,,,,workbook,Figure 3,A,,,DIRECT_SOURCE,QUANTITATIVE,False,,Explicit densitometry printed directly below each lane.
shao_fig3a_rb_total_huh7_48h_0nm,paper_PMID31561409,huh7_shao_in_vitro,huh7_shao_in_vitro__vehicle_control_48_h_target_engagement,shao_wb_target_engagement,densitometry_rb_total,"Rb (total), HuH7, 48h, 0 nM dinaciclib",0.94,relative densitometry,48.0,h,densitometry ratio,,,,,,workbook,Figure 3,A,,,DIRECT_SOURCE,QUANTITATIVE,False,,Explicit densitometry printed directly below each lane.
shao_fig3a_rb_total_huh7_48h_10nm,paper_PMID31561409,huh7_shao_in_vitro,huh7_shao_in_vitro__dinaciclib_10_nm_48_h_target_engagement,shao_wb_target_engagement,densitometry_rb_total,"Rb (total), HuH7, 48h, 10 nM dinaciclib",0.27,relative densitometry,48.0,h,densitometry ratio,,,,,,workbook,Figure 3,A,,,DIRECT_SOURCE,QUANTITATIVE,False,,Explicit densitometry printed directly below each lane.
shao_fig3a_rb_total_huh7_48h_15nm,paper_PMID31561409,huh7_shao_in_vitro,huh7_shao_in_vitro__dinaciclib_15_nm_48_h_target_engagement,shao_wb_target_engagement,densitometry_rb_total,"Rb (total), HuH7, 48h, 15 nM dinaciclib",0.25,relative densitometry,48.0,h,densitometry ratio,,,,,,workbook,Figure 3,A,,,DIRECT_SOURCE,QUANTITATIVE,False,,Explicit densitometry printed directly below each lane.
shao_fig3a_rb_total_huh7_48h_5nm,paper_PMID31561409,huh7_shao_in_vitro,huh7_shao_in_vitro__dinaciclib_5_nm_48_h_target_engagement,shao_wb_target_engagement,densitometry_rb_total,"Rb (total), HuH7, 48h, 5 nM dinaciclib",1.04,relative densitometry,48.0,h,densitometry ratio,,,,,,workbook,Figure 3,A,,,DIRECT_SOURCE,QUANTITATIVE,False,,Explicit densitometry printed directly below each lane.
shao_fig3a_rb_total_huh7_72h_0nm,paper_PMID31561409,huh7_shao_in_vitro,huh7_shao_in_vitro__vehicle_control_72_h_target_engagement,shao_wb_target_engagement,densitometry_rb_total,"Rb (total), HuH7, 72h, 0 nM dinaciclib",1.67,relative densitometry,72.0,h,densitometry ratio,,,,,,workbook,Figure 3,A,,,DIRECT_SOURCE,QUANTITATIVE,False,,Explicit densitometry printed directly below each lane.
shao_fig3a_rb_total_huh7_72h_10nm,paper_PMID31561409,huh7_shao_in_vitro,huh7_shao_in_vitro__dinaciclib_10_nm_72_h_target_engagement,shao_wb_target_engagement,densitometry_rb_total,"Rb (total), HuH7, 72h, 10 nM dinaciclib",0.27,relative densitometry,72.0,h,densitometry ratio,,,,,,workbook,Figure 3,A,,,DIRECT_SOURCE,QUANTITATIVE,False,,Explicit densitometry printed directly below each lane.
shao_fig3a_rb_total_huh7_72h_15nm,paper_PMID31561409,huh7_shao_in_vitro,huh7_shao_in_vitro__dinaciclib_15_nm_72_h_target_engagement,shao_wb_target_engagement,densitometry_rb_total,"Rb (total), HuH7, 72h, 15 nM dinaciclib",0.1,relative densitometry,72.0,h,densitometry ratio,,,,,,workbook,Figure 3,A,,,DIRECT_SOURCE,QUANTITATIVE,False,,Explicit densitometry printed directly below each lane.
shao_fig3a_rb_total_huh7_72h_5nm,paper_PMID31561409,huh7_shao_in_vitro,huh7_shao_in_vitro__dinaciclib_5_nm_72_h_target_engagement,shao_wb_target_engagement,densitometry_rb_total,"Rb (total), HuH7, 72h, 5 nM dinaciclib",0.42,relative densitometry,72.0,h,densitometry ratio,,,,,,workbook,Figure 3,A,,,DIRECT_SOURCE,QUANTITATIVE,False,,Explicit densitometry printed directly below each lane.
shao_fig3a_rb_total_plc5_48h_0nm,paper_PMID31561409,plc5_shao_in_vitro,plc5_shao_in_vitro__vehicle_control_48_h_target_engagement,shao_wb_target_engagement,densitometry_rb_total,"Rb (total), PLC5, 48h, 0 nM dinaciclib",1.18,relative densitometry,48.0,h,densitometry ratio,,,,,,workbook,Figure 3,A,,,DIRECT_SOURCE,NOT_MODEL_READY,False,,"DATA-QUALITY FLAG: this 'Rb (total), PLC5' row is numerically identical (to 2 decimal places, all 4 dose points) to the 'p-RNPII (S2), PLC5' row in the same figure/time point -- likely a source-figure duplication, not a transcription error on our end. Not treated as an independent quantitative measurement; see Fig5A for a larger version of the same pattern."
shao_fig3a_rb_total_plc5_48h_10nm,paper_PMID31561409,plc5_shao_in_vitro,plc5_shao_in_vitro__dinaciclib_10_nm_48_h_target_engagement,shao_wb_target_engagement,densitometry_rb_total,"Rb (total), PLC5, 48h, 10 nM dinaciclib",0.68,relative densitometry,48.0,h,densitometry ratio,,,,,,workbook,Figure 3,A,,,DIRECT_SOURCE,NOT_MODEL_READY,False,,"DATA-QUALITY FLAG: this 'Rb (total), PLC5' row is numerically identical (to 2 decimal places, all 4 dose points) to the 'p-RNPII (S2), PLC5' row in the same figure/time point -- likely a source-figure duplication, not a transcription error on our end. Not treated as an independent quantitative measurement; see Fig5A for a larger version of the same pattern."
shao_fig3a_rb_total_plc5_48h_15nm,paper_PMID31561409,plc5_shao_in_vitro,plc5_shao_in_vitro__dinaciclib_15_nm_48_h_target_engagement,shao_wb_target_engagement,densitometry_rb_total,"Rb (total), PLC5, 48h, 15 nM dinaciclib",0.51,relative densitometry,48.0,h,densitometry ratio,,,,,,workbook,Figure 3,A,,,DIRECT_SOURCE,NOT_MODEL_READY,False,,"DATA-QUALITY FLAG: this 'Rb (total), PLC5' row is numerically identical (to 2 decimal places, all 4 dose points) to the 'p-RNPII (S2), PLC5' row in the same figure/time point -- likely a source-figure duplication, not a transcription error on our end. Not treated as an independent quantitative measurement; see Fig5A for a larger version of the same pattern."
shao_fig3a_rb_total_plc5_48h_5nm,paper_PMID31561409,plc5_shao_in_vitro,plc5_shao_in_vitro__dinaciclib_5_nm_48_h_target_engagement,shao_wb_target_engagement,densitometry_rb_total,"Rb (total), PLC5, 48h, 5 nM dinaciclib",1.09,relative densitometry,48.0,h,densitometry ratio,,,,,,workbook,Figure 3,A,,,DIRECT_SOURCE,NOT_MODEL_READY,False,,"DATA-QUALITY FLAG: this 'Rb (total), PLC5' row is numerically identical (to 2 decimal places, all 4 dose points) to the 'p-RNPII (S2), PLC5' row in the same figure/time point -- likely a source-figure duplication, not a transcription error on our end. Not treated as an independent quantitative measurement; see Fig5A for a larger version of the same pattern."
shao_fig3a_rb_total_plc5_72h_0nm,paper_PMID31561409,plc5_shao_in_vitro,plc5_shao_in_vitro__vehicle_control_72_h_target_engagement,shao_wb_target_engagement,densitometry_rb_total,"Rb (total), PLC5, 72h, 0 nM dinaciclib",0.75,relative densitometry,72.0,h,densitometry ratio,,,,,,workbook,Figure 3,A,,,DIRECT_SOURCE,NOT_MODEL_READY,False,,"DATA-QUALITY FLAG: this 'Rb (total), PLC5' row is numerically identical (to 2 decimal places, all 4 dose points) to the 'p-RNPII (S2), PLC5' row in the same figure/time point -- likely a source-figure duplication, not a transcription error on our end. Not treated as an independent quantitative measurement; see Fig5A for a larger version of the same pattern."
shao_fig3a_rb_total_plc5_72h_10nm,paper_PMID31561409,plc5_shao_in_vitro,plc5_shao_in_vitro__dinaciclib_10_nm_72_h_target_engagement,shao_wb_target_engagement,densitometry_rb_total,"Rb (total), PLC5, 72h, 10 nM dinaciclib",0.66,relative densitometry,72.0,h,densitometry ratio,,,,,,workbook,Figure 3,A,,,DIRECT_SOURCE,NOT_MODEL_READY,False,,"DATA-QUALITY FLAG: this 'Rb (total), PLC5' row is numerically identical (to 2 decimal places, all 4 dose points) to the 'p-RNPII (S2), PLC5' row in the same figure/time point -- likely a source-figure duplication, not a transcription error on our end. Not treated as an independent quantitative measurement; see Fig5A for a larger version of the same pattern."
shao_fig3a_rb_total_plc5_72h_15nm,paper_PMID31561409,plc5_shao_in_vitro,plc5_shao_in_vitro__dinaciclib_15_nm_72_h_target_engagement,shao_wb_target_engagement,densitometry_rb_total,"Rb (total), PLC5, 72h, 15 nM dinaciclib",0.23,relative densitometry,72.0,h,densitometry ratio,,,,,,workbook,Figure 3,A,,,DIRECT_SOURCE,NOT_MODEL_READY,False,,"DATA-QUALITY FLAG: this 'Rb (total), PLC5' row is numerically identical (to 2 decimal places, all 4 dose points) to the 'p-RNPII (S2), PLC5' row in the same figure/time point -- likely a source-figure duplication, not a transcription error on our end. Not treated as an independent quantitative measurement; see Fig5A for a larger version of the same pattern."
shao_fig3a_rb_total_plc5_72h_5nm,paper_PMID31561409,plc5_shao_in_vitro,plc5_shao_in_vitro__dinaciclib_5_nm_72_h_target_engagement,shao_wb_target_engagement,densitometry_rb_total,"Rb (total), PLC5, 72h, 5 nM dinaciclib",0.75,relative densitometry,72.0,h,densitometry ratio,,,,,,workbook,Figure 3,A,,,DIRECT_SOURCE,NOT_MODEL_READY,False,,"DATA-QUALITY FLAG: this 'Rb (total), PLC5' row is numerically identical (to 2 decimal places, all 4 dose points) to the 'p-RNPII (S2), PLC5' row in the same figure/time point -- likely a source-figure duplication, not a transcription error on our end. Not treated as an independent quantitative measurement; see Fig5A for a larger version of the same pattern."
shao_fig3a_rnpii_total_huh7_48h_0nm,paper_PMID31561409,huh7_shao_in_vitro,huh7_shao_in_vitro__vehicle_control_48_h_target_engagement,shao_wb_target_engagement,densitometry_rnpii_total,"RNPII (total), HuH7, 48h, 0 nM dinaciclib",0.58,relative densitometry,48.0,h,densitometry ratio,,,,,,workbook,Figure 3,A,,,DIRECT_SOURCE,QUANTITATIVE,False,,Explicit densitometry printed directly below each lane.
shao_fig3a_rnpii_total_huh7_48h_10nm,paper_PMID31561409,huh7_shao_in_vitro,huh7_shao_in_vitro__dinaciclib_10_nm_48_h_target_engagement,shao_wb_target_engagement,densitometry_rnpii_total,"RNPII (total), HuH7, 48h, 10 nM dinaciclib",0.71,relative densitometry,48.0,h,densitometry ratio,,,,,,workbook,Figure 3,A,,,DIRECT_SOURCE,QUANTITATIVE,False,,Explicit densitometry printed directly below each lane.
shao_fig3a_rnpii_total_huh7_48h_15nm,paper_PMID31561409,huh7_shao_in_vitro,huh7_shao_in_vitro__dinaciclib_15_nm_48_h_target_engagement,shao_wb_target_engagement,densitometry_rnpii_total,"RNPII (total), HuH7, 48h, 15 nM dinaciclib",0.49,relative densitometry,48.0,h,densitometry ratio,,,,,,workbook,Figure 3,A,,,DIRECT_SOURCE,QUANTITATIVE,False,,Explicit densitometry printed directly below each lane.
shao_fig3a_rnpii_total_huh7_48h_5nm,paper_PMID31561409,huh7_shao_in_vitro,huh7_shao_in_vitro__dinaciclib_5_nm_48_h_target_engagement,shao_wb_target_engagement,densitometry_rnpii_total,"RNPII (total), HuH7, 48h, 5 nM dinaciclib",0.95,relative densitometry,48.0,h,densitometry ratio,,,,,,workbook,Figure 3,A,,,DIRECT_SOURCE,QUANTITATIVE,False,,Explicit densitometry printed directly below each lane.
shao_fig3a_rnpii_total_huh7_72h_0nm,paper_PMID31561409,huh7_shao_in_vitro,huh7_shao_in_vitro__vehicle_control_72_h_target_engagement,shao_wb_target_engagement,densitometry_rnpii_total,"RNPII (total), HuH7, 72h, 0 nM dinaciclib",0.77,relative densitometry,72.0,h,densitometry ratio,,,,,,workbook,Figure 3,A,,,DIRECT_SOURCE,QUANTITATIVE,False,,Explicit densitometry printed directly below each lane.
shao_fig3a_rnpii_total_huh7_72h_10nm,paper_PMID31561409,huh7_shao_in_vitro,huh7_shao_in_vitro__dinaciclib_10_nm_72_h_target_engagement,shao_wb_target_engagement,densitometry_rnpii_total,"RNPII (total), HuH7, 72h, 10 nM dinaciclib",0.33,relative densitometry,72.0,h,densitometry ratio,,,,,,workbook,Figure 3,A,,,DIRECT_SOURCE,QUANTITATIVE,False,,Explicit densitometry printed directly below each lane.
shao_fig3a_rnpii_total_huh7_72h_15nm,paper_PMID31561409,huh7_shao_in_vitro,huh7_shao_in_vitro__dinaciclib_15_nm_72_h_target_engagement,shao_wb_target_engagement,densitometry_rnpii_total,"RNPII (total), HuH7, 72h, 15 nM dinaciclib",0.2,relative densitometry,72.0,h,densitometry ratio,,,,,,workbook,Figure 3,A,,,DIRECT_SOURCE,QUANTITATIVE,False,,Explicit densitometry printed directly below each lane.
shao_fig3a_rnpii_total_huh7_72h_5nm,paper_PMID31561409,huh7_shao_in_vitro,huh7_shao_in_vitro__dinaciclib_5_nm_72_h_target_engagement,shao_wb_target_engagement,densitometry_rnpii_total,"RNPII (total), HuH7, 72h, 5 nM dinaciclib",0.57,relative densitometry,72.0,h,densitometry ratio,,,,,,workbook,Figure 3,A,,,DIRECT_SOURCE,QUANTITATIVE,False,,Explicit densitometry printed directly below each lane.
shao_fig3a_rnpii_total_plc5_48h_0nm,paper_PMID31561409,plc5_shao_in_vitro,plc5_shao_in_vitro__vehicle_control_48_h_target_engagement,shao_wb_target_engagement,densitometry_rnpii_total,"RNPII (total), PLC5, 48h, 0 nM dinaciclib",0.75,relative densitometry,48.0,h,densitometry ratio,,,,,,workbook,Figure 3,A,,,DIRECT_SOURCE,QUANTITATIVE,False,,Explicit densitometry printed directly below each lane.
shao_fig3a_rnpii_total_plc5_48h_10nm,paper_PMID31561409,plc5_shao_in_vitro,plc5_shao_in_vitro__dinaciclib_10_nm_48_h_target_engagement,shao_wb_target_engagement,densitometry_rnpii_total,"RNPII (total), PLC5, 48h, 10 nM dinaciclib",0.49,relative densitometry,48.0,h,densitometry ratio,,,,,,workbook,Figure 3,A,,,DIRECT_SOURCE,QUANTITATIVE,False,,Explicit densitometry printed directly below each lane.
shao_fig3a_rnpii_total_plc5_48h_15nm,paper_PMID31561409,plc5_shao_in_vitro,plc5_shao_in_vitro__dinaciclib_15_nm_48_h_target_engagement,shao_wb_target_engagement,densitometry_rnpii_total,"RNPII (total), PLC5, 48h, 15 nM dinaciclib",0.19,relative densitometry,48.0,h,densitometry ratio,,,,,,workbook,Figure 3,A,,,DIRECT_SOURCE,QUANTITATIVE,False,,Explicit densitometry printed directly below each lane.
shao_fig3a_rnpii_total_plc5_48h_5nm,paper_PMID31561409,plc5_shao_in_vitro,plc5_shao_in_vitro__dinaciclib_5_nm_48_h_target_engagement,shao_wb_target_engagement,densitometry_rnpii_total,"RNPII (total), PLC5, 48h, 5 nM dinaciclib",0.67,relative densitometry,48.0,h,densitometry ratio,,,,,,workbook,Figure 3,A,,,DIRECT_SOURCE,QUANTITATIVE,False,,Explicit densitometry printed directly below each lane.
shao_fig3a_rnpii_total_plc5_72h_0nm,paper_PMID31561409,plc5_shao_in_vitro,plc5_shao_in_vitro__vehicle_control_72_h_target_engagement,shao_wb_target_engagement,densitometry_rnpii_total,"RNPII (total), PLC5, 72h, 0 nM dinaciclib",0.33,relative densitometry,72.0,h,densitometry ratio,,,,,,workbook,Figure 3,A,,,DIRECT_SOURCE,QUANTITATIVE,False,,Explicit densitometry printed directly below each lane.
shao_fig3a_rnpii_total_plc5_72h_10nm,paper_PMID31561409,plc5_shao_in_vitro,plc5_shao_in_vitro__dinaciclib_10_nm_72_h_target_engagement,shao_wb_target_engagement,densitometry_rnpii_total,"RNPII (total), PLC5, 72h, 10 nM dinaciclib",0.35,relative densitometry,72.0,h,densitometry ratio,,,,,,workbook,Figure 3,A,,,DIRECT_SOURCE,QUANTITATIVE,False,,Explicit densitometry printed directly below each lane.
shao_fig3a_rnpii_total_plc5_72h_15nm,paper_PMID31561409,plc5_shao_in_vitro,plc5_shao_in_vitro__dinaciclib_15_nm_72_h_target_engagement,shao_wb_target_engagement,densitometry_rnpii_total,"RNPII (total), PLC5, 72h, 15 nM dinaciclib",0.09,relative densitometry,72.0,h,densitometry ratio,,,,,,workbook,Figure 3,A,,,DIRECT_SOURCE,QUANTITATIVE,False,,Explicit densitometry printed directly below each lane.
shao_fig3a_rnpii_total_plc5_72h_5nm,paper_PMID31561409,plc5_shao_in_vitro,plc5_shao_in_vitro__dinaciclib_5_nm_72_h_target_engagement,shao_wb_target_engagement,densitometry_rnpii_total,"RNPII (total), PLC5, 72h, 5 nM dinaciclib",0.54,relative densitometry,72.0,h,densitometry ratio,,,,,,workbook,Figure 3,A,,,DIRECT_SOURCE,QUANTITATIVE,False,,Explicit densitometry printed directly below each lane.
shao_fig3b_bak_huh7_48h_0nm,paper_PMID31561409,huh7_shao_in_vitro,huh7_shao_in_vitro__vehicle_control_48_h_survival_signaling,shao_wb_survival_signaling,densitometry_bak,"Bak, HuH7, 48h, 0 nM dinaciclib",0.88,relative densitometry,48.0,h,densitometry ratio,,,,,,workbook,Figure 3,B,,,DIRECT_SOURCE,QUANTITATIVE,False,,Explicit densitometry printed directly below each lane. Mcl-1/XIAP/survivin decline consistently with dose+time; Bcl-2/Bak stay comparatively flat; Bim rises.
shao_fig3b_bak_huh7_48h_10nm,paper_PMID31561409,huh7_shao_in_vitro,huh7_shao_in_vitro__dinaciclib_10_nm_48_h_survival_signaling,shao_wb_survival_signaling,densitometry_bak,"Bak, HuH7, 48h, 10 nM dinaciclib",0.61,relative densitometry,48.0,h,densitometry ratio,,,,,,workbook,Figure 3,B,,,DIRECT_SOURCE,QUANTITATIVE,False,,Explicit densitometry printed directly below each lane. Mcl-1/XIAP/survivin decline consistently with dose+time; Bcl-2/Bak stay comparatively flat; Bim rises.
shao_fig3b_bak_huh7_48h_15nm,paper_PMID31561409,huh7_shao_in_vitro,huh7_shao_in_vitro__dinaciclib_15_nm_48_h_survival_signaling,shao_wb_survival_signaling,densitometry_bak,"Bak, HuH7, 48h, 15 nM dinaciclib",0.76,relative densitometry,48.0,h,densitometry ratio,,,,,,workbook,Figure 3,B,,,DIRECT_SOURCE,QUANTITATIVE,False,,Explicit densitometry printed directly below each lane. Mcl-1/XIAP/survivin decline consistently with dose+time; Bcl-2/Bak stay comparatively flat; Bim rises.
shao_fig3b_bak_huh7_48h_5nm,paper_PMID31561409,huh7_shao_in_vitro,huh7_shao_in_vitro__dinaciclib_5_nm_48_h_survival_signaling,shao_wb_survival_signaling,densitometry_bak,"Bak, HuH7, 48h, 5 nM dinaciclib",0.8,relative densitometry,48.0,h,densitometry ratio,,,,,,workbook,Figure 3,B,,,DIRECT_SOURCE,QUANTITATIVE,False,,Explicit densitometry printed directly below each lane. Mcl-1/XIAP/survivin decline consistently with dose+time; Bcl-2/Bak stay comparatively flat; Bim rises.
shao_fig3b_bak_huh7_72h_0nm,paper_PMID31561409,huh7_shao_in_vitro,huh7_shao_in_vitro__vehicle_control_72_h_survival_signaling,shao_wb_survival_signaling,densitometry_bak,"Bak, HuH7, 72h, 0 nM dinaciclib",0.77,relative densitometry,72.0,h,densitometry ratio,,,,,,workbook,Figure 3,B,,,DIRECT_SOURCE,QUANTITATIVE,False,,Explicit densitometry printed directly below each lane. Mcl-1/XIAP/survivin decline consistently with dose+time; Bcl-2/Bak stay comparatively flat; Bim rises.
shao_fig3b_bak_huh7_72h_10nm,paper_PMID31561409,huh7_shao_in_vitro,huh7_shao_in_vitro__dinaciclib_10_nm_72_h_survival_signaling,shao_wb_survival_signaling,densitometry_bak,"Bak, HuH7, 72h, 10 nM dinaciclib",0.8,relative densitometry,72.0,h,densitometry ratio,,,,,,workbook,Figure 3,B,,,DIRECT_SOURCE,QUANTITATIVE,False,,Explicit densitometry printed directly below each lane. Mcl-1/XIAP/survivin decline consistently with dose+time; Bcl-2/Bak stay comparatively flat; Bim rises.
shao_fig3b_bak_huh7_72h_15nm,paper_PMID31561409,huh7_shao_in_vitro,huh7_shao_in_vitro__dinaciclib_15_nm_72_h_survival_signaling,shao_wb_survival_signaling,densitometry_bak,"Bak, HuH7, 72h, 15 nM dinaciclib",0.76,relative densitometry,72.0,h,densitometry ratio,,,,,,workbook,Figure 3,B,,,DIRECT_SOURCE,QUANTITATIVE,False,,Explicit densitometry printed directly below each lane. Mcl-1/XIAP/survivin decline consistently with dose+time; Bcl-2/Bak stay comparatively flat; Bim rises.
shao_fig3b_bak_huh7_72h_5nm,paper_PMID31561409,huh7_shao_in_vitro,huh7_shao_in_vitro__dinaciclib_5_nm_72_h_survival_signaling,shao_wb_survival_signaling,densitometry_bak,"Bak, HuH7, 72h, 5 nM dinaciclib",0.84,relative densitometry,72.0,h,densitometry ratio,,,,,,workbook,Figure 3,B,,,DIRECT_SOURCE,QUANTITATIVE,False,,Explicit densitometry printed directly below each lane. Mcl-1/XIAP/survivin decline consistently with dose+time; Bcl-2/Bak stay comparatively flat; Bim rises.
shao_fig3b_bak_plc5_48h_0nm,paper_PMID31561409,plc5_shao_in_vitro,plc5_shao_in_vitro__vehicle_control_48_h_survival_signaling,shao_wb_survival_signaling,densitometry_bak,"Bak, PLC5, 48h, 0 nM dinaciclib",1.1,relative densitometry,48.0,h,densitometry ratio,,,,,,workbook,Figure 3,B,,,DIRECT_SOURCE,QUANTITATIVE,False,,Explicit densitometry printed directly below each lane. Mcl-1/XIAP/survivin decline consistently with dose+time; Bcl-2/Bak stay comparatively flat; Bim rises.
shao_fig3b_bak_plc5_48h_10nm,paper_PMID31561409,plc5_shao_in_vitro,plc5_shao_in_vitro__dinaciclib_10_nm_48_h_survival_signaling,shao_wb_survival_signaling,densitometry_bak,"Bak, PLC5, 48h, 10 nM dinaciclib",0.61,relative densitometry,48.0,h,densitometry ratio,,,,,,workbook,Figure 3,B,,,DIRECT_SOURCE,QUANTITATIVE,False,,Explicit densitometry printed directly below each lane. Mcl-1/XIAP/survivin decline consistently with dose+time; Bcl-2/Bak stay comparatively flat; Bim rises.
shao_fig3b_bak_plc5_48h_15nm,paper_PMID31561409,plc5_shao_in_vitro,plc5_shao_in_vitro__dinaciclib_15_nm_48_h_survival_signaling,shao_wb_survival_signaling,densitometry_bak,"Bak, PLC5, 48h, 15 nM dinaciclib",0.4,relative densitometry,48.0,h,densitometry ratio,,,,,,workbook,Figure 3,B,,,DIRECT_SOURCE,QUANTITATIVE,False,,Explicit densitometry printed directly below each lane. Mcl-1/XIAP/survivin decline consistently with dose+time; Bcl-2/Bak stay comparatively flat; Bim rises.
shao_fig3b_bak_plc5_48h_5nm,paper_PMID31561409,plc5_shao_in_vitro,plc5_shao_in_vitro__dinaciclib_5_nm_48_h_survival_signaling,shao_wb_survival_signaling,densitometry_bak,"Bak, PLC5, 48h, 5 nM dinaciclib",1.05,relative densitometry,48.0,h,densitometry ratio,,,,,,workbook,Figure 3,B,,,DIRECT_SOURCE,QUANTITATIVE,False,,Explicit densitometry printed directly below each lane. Mcl-1/XIAP/survivin decline consistently with dose+time; Bcl-2/Bak stay comparatively flat; Bim rises.
shao_fig3b_bak_plc5_72h_0nm,paper_PMID31561409,plc5_shao_in_vitro,plc5_shao_in_vitro__vehicle_control_72_h_survival_signaling,shao_wb_survival_signaling,densitometry_bak,"Bak, PLC5, 72h, 0 nM dinaciclib",0.59,relative densitometry,72.0,h,densitometry ratio,,,,,,workbook,Figure 3,B,,,DIRECT_SOURCE,QUANTITATIVE,False,,Explicit densitometry printed directly below each lane. Mcl-1/XIAP/survivin decline consistently with dose+time; Bcl-2/Bak stay comparatively flat; Bim rises.
shao_fig3b_bak_plc5_72h_10nm,paper_PMID31561409,plc5_shao_in_vitro,plc5_shao_in_vitro__dinaciclib_10_nm_72_h_survival_signaling,shao_wb_survival_signaling,densitometry_bak,"Bak, PLC5, 72h, 10 nM dinaciclib",0.48,relative densitometry,72.0,h,densitometry ratio,,,,,,workbook,Figure 3,B,,,DIRECT_SOURCE,QUANTITATIVE,False,,Explicit densitometry printed directly below each lane. Mcl-1/XIAP/survivin decline consistently with dose+time; Bcl-2/Bak stay comparatively flat; Bim rises.
shao_fig3b_bak_plc5_72h_15nm,paper_PMID31561409,plc5_shao_in_vitro,plc5_shao_in_vitro__dinaciclib_15_nm_72_h_survival_signaling,shao_wb_survival_signaling,densitometry_bak,"Bak, PLC5, 72h, 15 nM dinaciclib",0.36,relative densitometry,72.0,h,densitometry ratio,,,,,,workbook,Figure 3,B,,,DIRECT_SOURCE,QUANTITATIVE,False,,Explicit densitometry printed directly below each lane. Mcl-1/XIAP/survivin decline consistently with dose+time; Bcl-2/Bak stay comparatively flat; Bim rises.
shao_fig3b_bak_plc5_72h_5nm,paper_PMID31561409,plc5_shao_in_vitro,plc5_shao_in_vitro__dinaciclib_5_nm_72_h_survival_signaling,shao_wb_survival_signaling,densitometry_bak,"Bak, PLC5, 72h, 5 nM dinaciclib",0.67,relative densitometry,72.0,h,densitometry ratio,,,,,,workbook,Figure 3,B,,,DIRECT_SOURCE,QUANTITATIVE,False,,Explicit densitometry printed directly below each lane. Mcl-1/XIAP/survivin decline consistently with dose+time; Bcl-2/Bak stay comparatively flat; Bim rises.
shao_fig3b_bcl_2_huh7_48h_0nm,paper_PMID31561409,huh7_shao_in_vitro,huh7_shao_in_vitro__vehicle_control_48_h_survival_signaling,shao_wb_survival_signaling,densitometry_bcl_2,"Bcl-2, HuH7, 48h, 0 nM dinaciclib",1.21,relative densitometry,48.0,h,densitometry ratio,,,,,,workbook,Figure 3,B,,,DIRECT_SOURCE,QUANTITATIVE,False,,Explicit densitometry printed directly below each lane. Mcl-1/XIAP/survivin decline consistently with dose+time; Bcl-2/Bak stay comparatively flat; Bim rises.
shao_fig3b_bcl_2_huh7_48h_10nm,paper_PMID31561409,huh7_shao_in_vitro,huh7_shao_in_vitro__dinaciclib_10_nm_48_h_survival_signaling,shao_wb_survival_signaling,densitometry_bcl_2,"Bcl-2, HuH7, 48h, 10 nM dinaciclib",1.1,relative densitometry,48.0,h,densitometry ratio,,,,,,workbook,Figure 3,B,,,DIRECT_SOURCE,QUANTITATIVE,False,,Explicit densitometry printed directly below each lane. Mcl-1/XIAP/survivin decline consistently with dose+time; Bcl-2/Bak stay comparatively flat; Bim rises.
shao_fig3b_bcl_2_huh7_48h_15nm,paper_PMID31561409,huh7_shao_in_vitro,huh7_shao_in_vitro__dinaciclib_15_nm_48_h_survival_signaling,shao_wb_survival_signaling,densitometry_bcl_2,"Bcl-2, HuH7, 48h, 15 nM dinaciclib",1.32,relative densitometry,48.0,h,densitometry ratio,,,,,,workbook,Figure 3,B,,,DIRECT_SOURCE,QUANTITATIVE,False,,Explicit densitometry printed directly below each lane. Mcl-1/XIAP/survivin decline consistently with dose+time; Bcl-2/Bak stay comparatively flat; Bim rises.
shao_fig3b_bcl_2_huh7_48h_5nm,paper_PMID31561409,huh7_shao_in_vitro,huh7_shao_in_vitro__dinaciclib_5_nm_48_h_survival_signaling,shao_wb_survival_signaling,densitometry_bcl_2,"Bcl-2, HuH7, 48h, 5 nM dinaciclib",1.57,relative densitometry,48.0,h,densitometry ratio,,,,,,workbook,Figure 3,B,,,DIRECT_SOURCE,QUANTITATIVE,False,,Explicit densitometry printed directly below each lane. Mcl-1/XIAP/survivin decline consistently with dose+time; Bcl-2/Bak stay comparatively flat; Bim rises.
shao_fig3b_bcl_2_huh7_72h_0nm,paper_PMID31561409,huh7_shao_in_vitro,huh7_shao_in_vitro__vehicle_control_72_h_survival_signaling,shao_wb_survival_signaling,densitometry_bcl_2,"Bcl-2, HuH7, 72h, 0 nM dinaciclib",1.49,relative densitometry,72.0,h,densitometry ratio,,,,,,workbook,Figure 3,B,,,DIRECT_SOURCE,QUANTITATIVE,False,,Explicit densitometry printed directly below each lane. Mcl-1/XIAP/survivin decline consistently with dose+time; Bcl-2/Bak stay comparatively flat; Bim rises.
shao_fig3b_bcl_2_huh7_72h_10nm,paper_PMID31561409,huh7_shao_in_vitro,huh7_shao_in_vitro__dinaciclib_10_nm_72_h_survival_signaling,shao_wb_survival_signaling,densitometry_bcl_2,"Bcl-2, HuH7, 72h, 10 nM dinaciclib",1.17,relative densitometry,72.0,h,densitometry ratio,,,,,,workbook,Figure 3,B,,,DIRECT_SOURCE,QUANTITATIVE,False,,Explicit densitometry printed directly below each lane. Mcl-1/XIAP/survivin decline consistently with dose+time; Bcl-2/Bak stay comparatively flat; Bim rises.
shao_fig3b_bcl_2_huh7_72h_15nm,paper_PMID31561409,huh7_shao_in_vitro,huh7_shao_in_vitro__dinaciclib_15_nm_72_h_survival_signaling,shao_wb_survival_signaling,densitometry_bcl_2,"Bcl-2, HuH7, 72h, 15 nM dinaciclib",0.8,relative densitometry,72.0,h,densitometry ratio,,,,,,workbook,Figure 3,B,,,DIRECT_SOURCE,QUANTITATIVE,False,,Explicit densitometry printed directly below each lane. Mcl-1/XIAP/survivin decline consistently with dose+time; Bcl-2/Bak stay comparatively flat; Bim rises.
shao_fig3b_bcl_2_huh7_72h_5nm,paper_PMID31561409,huh7_shao_in_vitro,huh7_shao_in_vitro__dinaciclib_5_nm_72_h_survival_signaling,shao_wb_survival_signaling,densitometry_bcl_2,"Bcl-2, HuH7, 72h, 5 nM dinaciclib",1.2,relative densitometry,72.0,h,densitometry ratio,,,,,,workbook,Figure 3,B,,,DIRECT_SOURCE,QUANTITATIVE,False,,Explicit densitometry printed directly below each lane. Mcl-1/XIAP/survivin decline consistently with dose+time; Bcl-2/Bak stay comparatively flat; Bim rises.
shao_fig3b_bcl_2_plc5_48h_0nm,paper_PMID31561409,plc5_shao_in_vitro,plc5_shao_in_vitro__vehicle_control_48_h_survival_signaling,shao_wb_survival_signaling,densitometry_bcl_2,"Bcl-2, PLC5, 48h, 0 nM dinaciclib",1.15,relative densitometry,48.0,h,densitometry ratio,,,,,,workbook,Figure 3,B,,,DIRECT_SOURCE,QUANTITATIVE,False,,Explicit densitometry printed directly below each lane. Mcl-1/XIAP/survivin decline consistently with dose+time; Bcl-2/Bak stay comparatively flat; Bim rises.
shao_fig3b_bcl_2_plc5_48h_10nm,paper_PMID31561409,plc5_shao_in_vitro,plc5_shao_in_vitro__dinaciclib_10_nm_48_h_survival_signaling,shao_wb_survival_signaling,densitometry_bcl_2,"Bcl-2, PLC5, 48h, 10 nM dinaciclib",0.83,relative densitometry,48.0,h,densitometry ratio,,,,,,workbook,Figure 3,B,,,DIRECT_SOURCE,QUANTITATIVE,False,,Explicit densitometry printed directly below each lane. Mcl-1/XIAP/survivin decline consistently with dose+time; Bcl-2/Bak stay comparatively flat; Bim rises.
shao_fig3b_bcl_2_plc5_48h_15nm,paper_PMID31561409,plc5_shao_in_vitro,plc5_shao_in_vitro__dinaciclib_15_nm_48_h_survival_signaling,shao_wb_survival_signaling,densitometry_bcl_2,"Bcl-2, PLC5, 48h, 15 nM dinaciclib",0.9,relative densitometry,48.0,h,densitometry ratio,,,,,,workbook,Figure 3,B,,,DIRECT_SOURCE,QUANTITATIVE,False,,Explicit densitometry printed directly below each lane. Mcl-1/XIAP/survivin decline consistently with dose+time; Bcl-2/Bak stay comparatively flat; Bim rises.
shao_fig3b_bcl_2_plc5_48h_5nm,paper_PMID31561409,plc5_shao_in_vitro,plc5_shao_in_vitro__dinaciclib_5_nm_48_h_survival_signaling,shao_wb_survival_signaling,densitometry_bcl_2,"Bcl-2, PLC5, 48h, 5 nM dinaciclib",0.99,relative densitometry,48.0,h,densitometry ratio,,,,,,workbook,Figure 3,B,,,DIRECT_SOURCE,QUANTITATIVE,False,,Explicit densitometry printed directly below each lane. Mcl-1/XIAP/survivin decline consistently with dose+time; Bcl-2/Bak stay comparatively flat; Bim rises.
shao_fig3b_bcl_2_plc5_72h_0nm,paper_PMID31561409,plc5_shao_in_vitro,plc5_shao_in_vitro__vehicle_control_72_h_survival_signaling,shao_wb_survival_signaling,densitometry_bcl_2,"Bcl-2, PLC5, 72h, 0 nM dinaciclib",1.06,relative densitometry,72.0,h,densitometry ratio,,,,,,workbook,Figure 3,B,,,DIRECT_SOURCE,QUANTITATIVE,False,,Explicit densitometry printed directly below each lane. Mcl-1/XIAP/survivin decline consistently with dose+time; Bcl-2/Bak stay comparatively flat; Bim rises.
shao_fig3b_bcl_2_plc5_72h_10nm,paper_PMID31561409,plc5_shao_in_vitro,plc5_shao_in_vitro__dinaciclib_10_nm_72_h_survival_signaling,shao_wb_survival_signaling,densitometry_bcl_2,"Bcl-2, PLC5, 72h, 10 nM dinaciclib",0.81,relative densitometry,72.0,h,densitometry ratio,,,,,,workbook,Figure 3,B,,,DIRECT_SOURCE,QUANTITATIVE,False,,Explicit densitometry printed directly below each lane. Mcl-1/XIAP/survivin decline consistently with dose+time; Bcl-2/Bak stay comparatively flat; Bim rises.
shao_fig3b_bcl_2_plc5_72h_15nm,paper_PMID31561409,plc5_shao_in_vitro,plc5_shao_in_vitro__dinaciclib_15_nm_72_h_survival_signaling,shao_wb_survival_signaling,densitometry_bcl_2,"Bcl-2, PLC5, 72h, 15 nM dinaciclib",0.86,relative densitometry,72.0,h,densitometry ratio,,,,,,workbook,Figure 3,B,,,DIRECT_SOURCE,QUANTITATIVE,False,,Explicit densitometry printed directly below each lane. Mcl-1/XIAP/survivin decline consistently with dose+time; Bcl-2/Bak stay comparatively flat; Bim rises.
shao_fig3b_bcl_2_plc5_72h_5nm,paper_PMID31561409,plc5_shao_in_vitro,plc5_shao_in_vitro__dinaciclib_5_nm_72_h_survival_signaling,shao_wb_survival_signaling,densitometry_bcl_2,"Bcl-2, PLC5, 72h, 5 nM dinaciclib",1.12,relative densitometry,72.0,h,densitometry ratio,,,,,,workbook,Figure 3,B,,,DIRECT_SOURCE,QUANTITATIVE,False,,Explicit densitometry printed directly below each lane. Mcl-1/XIAP/survivin decline consistently with dose+time; Bcl-2/Bak stay comparatively flat; Bim rises.
shao_fig3b_bim_l_isoform_huh7_48h_0nm,paper_PMID31561409,huh7_shao_in_vitro,huh7_shao_in_vitro__vehicle_control_48_h_survival_signaling,shao_wb_survival_signaling,densitometry_bim_l_isoform,"Bim (L isoform), HuH7, 48h, 0 nM dinaciclib",0.26,relative densitometry,48.0,h,densitometry ratio,,,,,,workbook,Figure 3,B,,,DIRECT_SOURCE,QUANTITATIVE,False,,Explicit densitometry printed directly below each lane. Mcl-1/XIAP/survivin decline consistently with dose+time; Bcl-2/Bak stay comparatively flat; Bim rises.
shao_fig3b_bim_l_isoform_huh7_48h_10nm,paper_PMID31561409,huh7_shao_in_vitro,huh7_shao_in_vitro__dinaciclib_10_nm_48_h_survival_signaling,shao_wb_survival_signaling,densitometry_bim_l_isoform,"Bim (L isoform), HuH7, 48h, 10 nM dinaciclib",0.47,relative densitometry,48.0,h,densitometry ratio,,,,,,workbook,Figure 3,B,,,DIRECT_SOURCE,QUANTITATIVE,False,,Explicit densitometry printed directly below each lane. Mcl-1/XIAP/survivin decline consistently with dose+time; Bcl-2/Bak stay comparatively flat; Bim rises.
shao_fig3b_bim_l_isoform_huh7_48h_15nm,paper_PMID31561409,huh7_shao_in_vitro,huh7_shao_in_vitro__dinaciclib_15_nm_48_h_survival_signaling,shao_wb_survival_signaling,densitometry_bim_l_isoform,"Bim (L isoform), HuH7, 48h, 15 nM dinaciclib",0.83,relative densitometry,48.0,h,densitometry ratio,,,,,,workbook,Figure 3,B,,,DIRECT_SOURCE,QUANTITATIVE,False,,Explicit densitometry printed directly below each lane. Mcl-1/XIAP/survivin decline consistently with dose+time; Bcl-2/Bak stay comparatively flat; Bim rises.
shao_fig3b_bim_l_isoform_huh7_48h_5nm,paper_PMID31561409,huh7_shao_in_vitro,huh7_shao_in_vitro__dinaciclib_5_nm_48_h_survival_signaling,shao_wb_survival_signaling,densitometry_bim_l_isoform,"Bim (L isoform), HuH7, 48h, 5 nM dinaciclib",0.23,relative densitometry,48.0,h,densitometry ratio,,,,,,workbook,Figure 3,B,,,DIRECT_SOURCE,QUANTITATIVE,False,,Explicit densitometry printed directly below each lane. Mcl-1/XIAP/survivin decline consistently with dose+time; Bcl-2/Bak stay comparatively flat; Bim rises.
shao_fig3b_bim_l_isoform_huh7_72h_0nm,paper_PMID31561409,huh7_shao_in_vitro,huh7_shao_in_vitro__vehicle_control_72_h_survival_signaling,shao_wb_survival_signaling,densitometry_bim_l_isoform,"Bim (L isoform), HuH7, 72h, 0 nM dinaciclib",0.22,relative densitometry,72.0,h,densitometry ratio,,,,,,workbook,Figure 3,B,,,DIRECT_SOURCE,QUANTITATIVE,False,,Explicit densitometry printed directly below each lane. Mcl-1/XIAP/survivin decline consistently with dose+time; Bcl-2/Bak stay comparatively flat; Bim rises.
shao_fig3b_bim_l_isoform_huh7_72h_10nm,paper_PMID31561409,huh7_shao_in_vitro,huh7_shao_in_vitro__dinaciclib_10_nm_72_h_survival_signaling,shao_wb_survival_signaling,densitometry_bim_l_isoform,"Bim (L isoform), HuH7, 72h, 10 nM dinaciclib",0.42,relative densitometry,72.0,h,densitometry ratio,,,,,,workbook,Figure 3,B,,,DIRECT_SOURCE,QUANTITATIVE,False,,Explicit densitometry printed directly below each lane. Mcl-1/XIAP/survivin decline consistently with dose+time; Bcl-2/Bak stay comparatively flat; Bim rises.
shao_fig3b_bim_l_isoform_huh7_72h_15nm,paper_PMID31561409,huh7_shao_in_vitro,huh7_shao_in_vitro__dinaciclib_15_nm_72_h_survival_signaling,shao_wb_survival_signaling,densitometry_bim_l_isoform,"Bim (L isoform), HuH7, 72h, 15 nM dinaciclib",0.42,relative densitometry,72.0,h,densitometry ratio,,,,,,workbook,Figure 3,B,,,DIRECT_SOURCE,QUANTITATIVE,False,,Explicit densitometry printed directly below each lane. Mcl-1/XIAP/survivin decline consistently with dose+time; Bcl-2/Bak stay comparatively flat; Bim rises.
shao_fig3b_bim_l_isoform_huh7_72h_5nm,paper_PMID31561409,huh7_shao_in_vitro,huh7_shao_in_vitro__dinaciclib_5_nm_72_h_survival_signaling,shao_wb_survival_signaling,densitometry_bim_l_isoform,"Bim (L isoform), HuH7, 72h, 5 nM dinaciclib",0.22,relative densitometry,72.0,h,densitometry ratio,,,,,,workbook,Figure 3,B,,,DIRECT_SOURCE,QUANTITATIVE,False,,Explicit densitometry printed directly below each lane. Mcl-1/XIAP/survivin decline consistently with dose+time; Bcl-2/Bak stay comparatively flat; Bim rises.
shao_fig3b_bim_l_isoform_plc5_48h_0nm,paper_PMID31561409,plc5_shao_in_vitro,plc5_shao_in_vitro__vehicle_control_48_h_survival_signaling,shao_wb_survival_signaling,densitometry_bim_l_isoform,"Bim (L isoform), PLC5, 48h, 0 nM dinaciclib",0.03,relative densitometry,48.0,h,densitometry ratio,,,,,,workbook,Figure 3,B,,,DIRECT_SOURCE,QUANTITATIVE,False,,Explicit densitometry printed directly below each lane. Mcl-1/XIAP/survivin decline consistently with dose+time; Bcl-2/Bak stay comparatively flat; Bim rises.
shao_fig3b_bim_l_isoform_plc5_48h_10nm,paper_PMID31561409,plc5_shao_in_vitro,plc5_shao_in_vitro__dinaciclib_10_nm_48_h_survival_signaling,shao_wb_survival_signaling,densitometry_bim_l_isoform,"Bim (L isoform), PLC5, 48h, 10 nM dinaciclib",0.04,relative densitometry,48.0,h,densitometry ratio,,,,,,workbook,Figure 3,B,,,DIRECT_SOURCE,QUANTITATIVE,False,,Explicit densitometry printed directly below each lane. Mcl-1/XIAP/survivin decline consistently with dose+time; Bcl-2/Bak stay comparatively flat; Bim rises.
shao_fig3b_bim_l_isoform_plc5_48h_15nm,paper_PMID31561409,plc5_shao_in_vitro,plc5_shao_in_vitro__dinaciclib_15_nm_48_h_survival_signaling,shao_wb_survival_signaling,densitometry_bim_l_isoform,"Bim (L isoform), PLC5, 48h, 15 nM dinaciclib",0.07,relative densitometry,48.0,h,densitometry ratio,,,,,,workbook,Figure 3,B,,,DIRECT_SOURCE,QUANTITATIVE,False,,Explicit densitometry printed directly below each lane. Mcl-1/XIAP/survivin decline consistently with dose+time; Bcl-2/Bak stay comparatively flat; Bim rises.
shao_fig3b_bim_l_isoform_plc5_48h_5nm,paper_PMID31561409,plc5_shao_in_vitro,plc5_shao_in_vitro__dinaciclib_5_nm_48_h_survival_signaling,shao_wb_survival_signaling,densitometry_bim_l_isoform,"Bim (L isoform), PLC5, 48h, 5 nM dinaciclib",0.03,relative densitometry,48.0,h,densitometry ratio,,,,,,workbook,Figure 3,B,,,DIRECT_SOURCE,QUANTITATIVE,False,,Explicit densitometry printed directly below each lane. Mcl-1/XIAP/survivin decline consistently with dose+time; Bcl-2/Bak stay comparatively flat; Bim rises.
shao_fig3b_bim_l_isoform_plc5_72h_0nm,paper_PMID31561409,plc5_shao_in_vitro,plc5_shao_in_vitro__vehicle_control_72_h_survival_signaling,shao_wb_survival_signaling,densitometry_bim_l_isoform,"Bim (L isoform), PLC5, 72h, 0 nM dinaciclib",0.08,relative densitometry,72.0,h,densitometry ratio,,,,,,workbook,Figure 3,B,,,DIRECT_SOURCE,QUANTITATIVE,False,,Explicit densitometry printed directly below each lane. Mcl-1/XIAP/survivin decline consistently with dose+time; Bcl-2/Bak stay comparatively flat; Bim rises.
shao_fig3b_bim_l_isoform_plc5_72h_10nm,paper_PMID31561409,plc5_shao_in_vitro,plc5_shao_in_vitro__dinaciclib_10_nm_72_h_survival_signaling,shao_wb_survival_signaling,densitometry_bim_l_isoform,"Bim (L isoform), PLC5, 72h, 10 nM dinaciclib",0.08,relative densitometry,72.0,h,densitometry ratio,,,,,,workbook,Figure 3,B,,,DIRECT_SOURCE,QUANTITATIVE,False,,Explicit densitometry printed directly below each lane. Mcl-1/XIAP/survivin decline consistently with dose+time; Bcl-2/Bak stay comparatively flat; Bim rises.
shao_fig3b_bim_l_isoform_plc5_72h_15nm,paper_PMID31561409,plc5_shao_in_vitro,plc5_shao_in_vitro__dinaciclib_15_nm_72_h_survival_signaling,shao_wb_survival_signaling,densitometry_bim_l_isoform,"Bim (L isoform), PLC5, 72h, 15 nM dinaciclib",0.08,relative densitometry,72.0,h,densitometry ratio,,,,,,workbook,Figure 3,B,,,DIRECT_SOURCE,QUANTITATIVE,False,,Explicit densitometry printed directly below each lane. Mcl-1/XIAP/survivin decline consistently with dose+time; Bcl-2/Bak stay comparatively flat; Bim rises.
shao_fig3b_bim_l_isoform_plc5_72h_5nm,paper_PMID31561409,plc5_shao_in_vitro,plc5_shao_in_vitro__dinaciclib_5_nm_72_h_survival_signaling,shao_wb_survival_signaling,densitometry_bim_l_isoform,"Bim (L isoform), PLC5, 72h, 5 nM dinaciclib",0.09,relative densitometry,72.0,h,densitometry ratio,,,,,,workbook,Figure 3,B,,,DIRECT_SOURCE,QUANTITATIVE,False,,Explicit densitometry printed directly below each lane. Mcl-1/XIAP/survivin decline consistently with dose+time; Bcl-2/Bak stay comparatively flat; Bim rises.
shao_fig3b_cleaved_parp_1_huh7_48h_0nm,paper_PMID31561409,huh7_shao_in_vitro,huh7_shao_in_vitro__vehicle_control_48_h_survival_signaling,shao_wb_survival_signaling,densitometry_cleaved_parp_1,"Cleaved PARP-1, HuH7, 48h, 0 nM dinaciclib",0.11,relative densitometry,48.0,h,densitometry ratio,,,,,,workbook,Figure 3,B,,,DIRECT_SOURCE,QUANTITATIVE,False,,Explicit densitometry printed directly below each lane. Mcl-1/XIAP/survivin decline consistently with dose+time; Bcl-2/Bak stay comparatively flat; Bim rises.
shao_fig3b_cleaved_parp_1_huh7_48h_10nm,paper_PMID31561409,huh7_shao_in_vitro,huh7_shao_in_vitro__dinaciclib_10_nm_48_h_survival_signaling,shao_wb_survival_signaling,densitometry_cleaved_parp_1,"Cleaved PARP-1, HuH7, 48h, 10 nM dinaciclib",0.15,relative densitometry,48.0,h,densitometry ratio,,,,,,workbook,Figure 3,B,,,DIRECT_SOURCE,QUANTITATIVE,False,,Explicit densitometry printed directly below each lane. Mcl-1/XIAP/survivin decline consistently with dose+time; Bcl-2/Bak stay comparatively flat; Bim rises.
shao_fig3b_cleaved_parp_1_huh7_48h_15nm,paper_PMID31561409,huh7_shao_in_vitro,huh7_shao_in_vitro__dinaciclib_15_nm_48_h_survival_signaling,shao_wb_survival_signaling,densitometry_cleaved_parp_1,"Cleaved PARP-1, HuH7, 48h, 15 nM dinaciclib",0.18,relative densitometry,48.0,h,densitometry ratio,,,,,,workbook,Figure 3,B,,,DIRECT_SOURCE,QUANTITATIVE,False,,Explicit densitometry printed directly below each lane. Mcl-1/XIAP/survivin decline consistently with dose+time; Bcl-2/Bak stay comparatively flat; Bim rises.
shao_fig3b_cleaved_parp_1_huh7_48h_5nm,paper_PMID31561409,huh7_shao_in_vitro,huh7_shao_in_vitro__dinaciclib_5_nm_48_h_survival_signaling,shao_wb_survival_signaling,densitometry_cleaved_parp_1,"Cleaved PARP-1, HuH7, 48h, 5 nM dinaciclib",0.16,relative densitometry,48.0,h,densitometry ratio,,,,,,workbook,Figure 3,B,,,DIRECT_SOURCE,QUANTITATIVE,False,,Explicit densitometry printed directly below each lane. Mcl-1/XIAP/survivin decline consistently with dose+time; Bcl-2/Bak stay comparatively flat; Bim rises.
shao_fig3b_cleaved_parp_1_huh7_72h_0nm,paper_PMID31561409,huh7_shao_in_vitro,huh7_shao_in_vitro__vehicle_control_72_h_survival_signaling,shao_wb_survival_signaling,densitometry_cleaved_parp_1,"Cleaved PARP-1, HuH7, 72h, 0 nM dinaciclib",0.23,relative densitometry,72.0,h,densitometry ratio,,,,,,workbook,Figure 3,B,,,DIRECT_SOURCE,QUANTITATIVE,False,,Explicit densitometry printed directly below each lane. Mcl-1/XIAP/survivin decline consistently with dose+time; Bcl-2/Bak stay comparatively flat; Bim rises.
shao_fig3b_cleaved_parp_1_huh7_72h_10nm,paper_PMID31561409,huh7_shao_in_vitro,huh7_shao_in_vitro__dinaciclib_10_nm_72_h_survival_signaling,shao_wb_survival_signaling,densitometry_cleaved_parp_1,"Cleaved PARP-1, HuH7, 72h, 10 nM dinaciclib",0.51,relative densitometry,72.0,h,densitometry ratio,,,,,,workbook,Figure 3,B,,,DIRECT_SOURCE,QUANTITATIVE,False,,Explicit densitometry printed directly below each lane. Mcl-1/XIAP/survivin decline consistently with dose+time; Bcl-2/Bak stay comparatively flat; Bim rises.
shao_fig3b_cleaved_parp_1_huh7_72h_15nm,paper_PMID31561409,huh7_shao_in_vitro,huh7_shao_in_vitro__dinaciclib_15_nm_72_h_survival_signaling,shao_wb_survival_signaling,densitometry_cleaved_parp_1,"Cleaved PARP-1, HuH7, 72h, 15 nM dinaciclib",0.35,relative densitometry,72.0,h,densitometry ratio,,,,,,workbook,Figure 3,B,,,DIRECT_SOURCE,QUANTITATIVE,False,,Explicit densitometry printed directly below each lane. Mcl-1/XIAP/survivin decline consistently with dose+time; Bcl-2/Bak stay comparatively flat; Bim rises.
shao_fig3b_cleaved_parp_1_huh7_72h_5nm,paper_PMID31561409,huh7_shao_in_vitro,huh7_shao_in_vitro__dinaciclib_5_nm_72_h_survival_signaling,shao_wb_survival_signaling,densitometry_cleaved_parp_1,"Cleaved PARP-1, HuH7, 72h, 5 nM dinaciclib",0.2,relative densitometry,72.0,h,densitometry ratio,,,,,,workbook,Figure 3,B,,,DIRECT_SOURCE,QUANTITATIVE,False,,Explicit densitometry printed directly below each lane. Mcl-1/XIAP/survivin decline consistently with dose+time; Bcl-2/Bak stay comparatively flat; Bim rises.
shao_fig3b_cleaved_parp_1_plc5_48h_0nm,paper_PMID31561409,plc5_shao_in_vitro,plc5_shao_in_vitro__vehicle_control_48_h_survival_signaling,shao_wb_survival_signaling,densitometry_cleaved_parp_1,"Cleaved PARP-1, PLC5, 48h, 0 nM dinaciclib",0.14,relative densitometry,48.0,h,densitometry ratio,,,,,,workbook,Figure 3,B,,,DIRECT_SOURCE,QUANTITATIVE,False,,Explicit densitometry printed directly below each lane. Mcl-1/XIAP/survivin decline consistently with dose+time; Bcl-2/Bak stay comparatively flat; Bim rises.
shao_fig3b_cleaved_parp_1_plc5_48h_10nm,paper_PMID31561409,plc5_shao_in_vitro,plc5_shao_in_vitro__dinaciclib_10_nm_48_h_survival_signaling,shao_wb_survival_signaling,densitometry_cleaved_parp_1,"Cleaved PARP-1, PLC5, 48h, 10 nM dinaciclib",0.32,relative densitometry,48.0,h,densitometry ratio,,,,,,workbook,Figure 3,B,,,DIRECT_SOURCE,QUANTITATIVE,False,,Explicit densitometry printed directly below each lane. Mcl-1/XIAP/survivin decline consistently with dose+time; Bcl-2/Bak stay comparatively flat; Bim rises.
shao_fig3b_cleaved_parp_1_plc5_48h_15nm,paper_PMID31561409,plc5_shao_in_vitro,plc5_shao_in_vitro__dinaciclib_15_nm_48_h_survival_signaling,shao_wb_survival_signaling,densitometry_cleaved_parp_1,"Cleaved PARP-1, PLC5, 48h, 15 nM dinaciclib",0.34,relative densitometry,48.0,h,densitometry ratio,,,,,,workbook,Figure 3,B,,,DIRECT_SOURCE,QUANTITATIVE,False,,Explicit densitometry printed directly below each lane. Mcl-1/XIAP/survivin decline consistently with dose+time; Bcl-2/Bak stay comparatively flat; Bim rises.
shao_fig3b_cleaved_parp_1_plc5_48h_5nm,paper_PMID31561409,plc5_shao_in_vitro,plc5_shao_in_vitro__dinaciclib_5_nm_48_h_survival_signaling,shao_wb_survival_signaling,densitometry_cleaved_parp_1,"Cleaved PARP-1, PLC5, 48h, 5 nM dinaciclib",0.12,relative densitometry,48.0,h,densitometry ratio,,,,,,workbook,Figure 3,B,,,DIRECT_SOURCE,QUANTITATIVE,False,,Explicit densitometry printed directly below each lane. Mcl-1/XIAP/survivin decline consistently with dose+time; Bcl-2/Bak stay comparatively flat; Bim rises.
shao_fig3b_cleaved_parp_1_plc5_72h_0nm,paper_PMID31561409,plc5_shao_in_vitro,plc5_shao_in_vitro__vehicle_control_72_h_survival_signaling,shao_wb_survival_signaling,densitometry_cleaved_parp_1,"Cleaved PARP-1, PLC5, 72h, 0 nM dinaciclib",0.18,relative densitometry,72.0,h,densitometry ratio,,,,,,workbook,Figure 3,B,,,DIRECT_SOURCE,QUANTITATIVE,False,,Explicit densitometry printed directly below each lane. Mcl-1/XIAP/survivin decline consistently with dose+time; Bcl-2/Bak stay comparatively flat; Bim rises.
shao_fig3b_cleaved_parp_1_plc5_72h_10nm,paper_PMID31561409,plc5_shao_in_vitro,plc5_shao_in_vitro__dinaciclib_10_nm_72_h_survival_signaling,shao_wb_survival_signaling,densitometry_cleaved_parp_1,"Cleaved PARP-1, PLC5, 72h, 10 nM dinaciclib",0.99,relative densitometry,72.0,h,densitometry ratio,,,,,,workbook,Figure 3,B,,,DIRECT_SOURCE,QUANTITATIVE,False,,Explicit densitometry printed directly below each lane. Mcl-1/XIAP/survivin decline consistently with dose+time; Bcl-2/Bak stay comparatively flat; Bim rises.
shao_fig3b_cleaved_parp_1_plc5_72h_15nm,paper_PMID31561409,plc5_shao_in_vitro,plc5_shao_in_vitro__dinaciclib_15_nm_72_h_survival_signaling,shao_wb_survival_signaling,densitometry_cleaved_parp_1,"Cleaved PARP-1, PLC5, 72h, 15 nM dinaciclib",0.77,relative densitometry,72.0,h,densitometry ratio,,,,,,workbook,Figure 3,B,,,DIRECT_SOURCE,QUANTITATIVE,False,,Explicit densitometry printed directly below each lane. Mcl-1/XIAP/survivin decline consistently with dose+time; Bcl-2/Bak stay comparatively flat; Bim rises.
shao_fig3b_cleaved_parp_1_plc5_72h_5nm,paper_PMID31561409,plc5_shao_in_vitro,plc5_shao_in_vitro__dinaciclib_5_nm_72_h_survival_signaling,shao_wb_survival_signaling,densitometry_cleaved_parp_1,"Cleaved PARP-1, PLC5, 72h, 5 nM dinaciclib",0.18,relative densitometry,72.0,h,densitometry ratio,,,,,,workbook,Figure 3,B,,,DIRECT_SOURCE,QUANTITATIVE,False,,Explicit densitometry printed directly below each lane. Mcl-1/XIAP/survivin decline consistently with dose+time; Bcl-2/Bak stay comparatively flat; Bim rises.
shao_fig3b_mcl_1_huh7_48h_0nm,paper_PMID31561409,huh7_shao_in_vitro,huh7_shao_in_vitro__vehicle_control_48_h_survival_signaling,shao_wb_survival_signaling,densitometry_mcl_1,"Mcl-1, HuH7, 48h, 0 nM dinaciclib",0.88,relative densitometry,48.0,h,densitometry ratio,,,,,,workbook,Figure 3,B,,,DIRECT_SOURCE,QUANTITATIVE,False,,Explicit densitometry printed directly below each lane. Mcl-1/XIAP/survivin decline consistently with dose+time; Bcl-2/Bak stay comparatively flat; Bim rises.
shao_fig3b_mcl_1_huh7_48h_10nm,paper_PMID31561409,huh7_shao_in_vitro,huh7_shao_in_vitro__dinaciclib_10_nm_48_h_survival_signaling,shao_wb_survival_signaling,densitometry_mcl_1,"Mcl-1, HuH7, 48h, 10 nM dinaciclib",0.48,relative densitometry,48.0,h,densitometry ratio,,,,,,workbook,Figure 3,B,,,DIRECT_SOURCE,QUANTITATIVE,False,,Explicit densitometry printed directly below each lane. Mcl-1/XIAP/survivin decline consistently with dose+time; Bcl-2/Bak stay comparatively flat; Bim rises.
shao_fig3b_mcl_1_huh7_48h_15nm,paper_PMID31561409,huh7_shao_in_vitro,huh7_shao_in_vitro__dinaciclib_15_nm_48_h_survival_signaling,shao_wb_survival_signaling,densitometry_mcl_1,"Mcl-1, HuH7, 48h, 15 nM dinaciclib",0.34,relative densitometry,48.0,h,densitometry ratio,,,,,,workbook,Figure 3,B,,,DIRECT_SOURCE,QUANTITATIVE,False,,Explicit densitometry printed directly below each lane. Mcl-1/XIAP/survivin decline consistently with dose+time; Bcl-2/Bak stay comparatively flat; Bim rises.
shao_fig3b_mcl_1_huh7_48h_5nm,paper_PMID31561409,huh7_shao_in_vitro,huh7_shao_in_vitro__dinaciclib_5_nm_48_h_survival_signaling,shao_wb_survival_signaling,densitometry_mcl_1,"Mcl-1, HuH7, 48h, 5 nM dinaciclib",0.85,relative densitometry,48.0,h,densitometry ratio,,,,,,workbook,Figure 3,B,,,DIRECT_SOURCE,QUANTITATIVE,False,,Explicit densitometry printed directly below each lane. Mcl-1/XIAP/survivin decline consistently with dose+time; Bcl-2/Bak stay comparatively flat; Bim rises.
shao_fig3b_mcl_1_huh7_72h_0nm,paper_PMID31561409,huh7_shao_in_vitro,huh7_shao_in_vitro__vehicle_control_72_h_survival_signaling,shao_wb_survival_signaling,densitometry_mcl_1,"Mcl-1, HuH7, 72h, 0 nM dinaciclib",0.83,relative densitometry,72.0,h,densitometry ratio,,,,,,workbook,Figure 3,B,,,DIRECT_SOURCE,QUANTITATIVE,False,,Explicit densitometry printed directly below each lane. Mcl-1/XIAP/survivin decline consistently with dose+time; Bcl-2/Bak stay comparatively flat; Bim rises.
shao_fig3b_mcl_1_huh7_72h_10nm,paper_PMID31561409,huh7_shao_in_vitro,huh7_shao_in_vitro__dinaciclib_10_nm_72_h_survival_signaling,shao_wb_survival_signaling,densitometry_mcl_1,"Mcl-1, HuH7, 72h, 10 nM dinaciclib",0.61,relative densitometry,72.0,h,densitometry ratio,,,,,,workbook,Figure 3,B,,,DIRECT_SOURCE,QUANTITATIVE,False,,Explicit densitometry printed directly below each lane. Mcl-1/XIAP/survivin decline consistently with dose+time; Bcl-2/Bak stay comparatively flat; Bim rises.
shao_fig3b_mcl_1_huh7_72h_15nm,paper_PMID31561409,huh7_shao_in_vitro,huh7_shao_in_vitro__dinaciclib_15_nm_72_h_survival_signaling,shao_wb_survival_signaling,densitometry_mcl_1,"Mcl-1, HuH7, 72h, 15 nM dinaciclib",0.2,relative densitometry,72.0,h,densitometry ratio,,,,,,workbook,Figure 3,B,,,DIRECT_SOURCE,QUANTITATIVE,False,,Explicit densitometry printed directly below each lane. Mcl-1/XIAP/survivin decline consistently with dose+time; Bcl-2/Bak stay comparatively flat; Bim rises.
shao_fig3b_mcl_1_huh7_72h_5nm,paper_PMID31561409,huh7_shao_in_vitro,huh7_shao_in_vitro__dinaciclib_5_nm_72_h_survival_signaling,shao_wb_survival_signaling,densitometry_mcl_1,"Mcl-1, HuH7, 72h, 5 nM dinaciclib",0.64,relative densitometry,72.0,h,densitometry ratio,,,,,,workbook,Figure 3,B,,,DIRECT_SOURCE,QUANTITATIVE,False,,Explicit densitometry printed directly below each lane. Mcl-1/XIAP/survivin decline consistently with dose+time; Bcl-2/Bak stay comparatively flat; Bim rises.
shao_fig3b_mcl_1_plc5_48h_0nm,paper_PMID31561409,plc5_shao_in_vitro,plc5_shao_in_vitro__vehicle_control_48_h_survival_signaling,shao_wb_survival_signaling,densitometry_mcl_1,"Mcl-1, PLC5, 48h, 0 nM dinaciclib",1.27,relative densitometry,48.0,h,densitometry ratio,,,,,,workbook,Figure 3,B,,,DIRECT_SOURCE,QUANTITATIVE,False,,Explicit densitometry printed directly below each lane. Mcl-1/XIAP/survivin decline consistently with dose+time; Bcl-2/Bak stay comparatively flat; Bim rises.
shao_fig3b_mcl_1_plc5_48h_10nm,paper_PMID31561409,plc5_shao_in_vitro,plc5_shao_in_vitro__dinaciclib_10_nm_48_h_survival_signaling,shao_wb_survival_signaling,densitometry_mcl_1,"Mcl-1, PLC5, 48h, 10 nM dinaciclib",0.44,relative densitometry,48.0,h,densitometry ratio,,,,,,workbook,Figure 3,B,,,DIRECT_SOURCE,QUANTITATIVE,False,,Explicit densitometry printed directly below each lane. Mcl-1/XIAP/survivin decline consistently with dose+time; Bcl-2/Bak stay comparatively flat; Bim rises.
shao_fig3b_mcl_1_plc5_48h_15nm,paper_PMID31561409,plc5_shao_in_vitro,plc5_shao_in_vitro__dinaciclib_15_nm_48_h_survival_signaling,shao_wb_survival_signaling,densitometry_mcl_1,"Mcl-1, PLC5, 48h, 15 nM dinaciclib",0.12,relative densitometry,48.0,h,densitometry ratio,,,,,,workbook,Figure 3,B,,,DIRECT_SOURCE,QUANTITATIVE,False,,Explicit densitometry printed directly below each lane. Mcl-1/XIAP/survivin decline consistently with dose+time; Bcl-2/Bak stay comparatively flat; Bim rises.
shao_fig3b_mcl_1_plc5_48h_5nm,paper_PMID31561409,plc5_shao_in_vitro,plc5_shao_in_vitro__dinaciclib_5_nm_48_h_survival_signaling,shao_wb_survival_signaling,densitometry_mcl_1,"Mcl-1, PLC5, 48h, 5 nM dinaciclib",0.71,relative densitometry,48.0,h,densitometry ratio,,,,,,workbook,Figure 3,B,,,DIRECT_SOURCE,QUANTITATIVE,False,,Explicit densitometry printed directly below each lane. Mcl-1/XIAP/survivin decline consistently with dose+time; Bcl-2/Bak stay comparatively flat; Bim rises.
shao_fig3b_mcl_1_plc5_72h_0nm,paper_PMID31561409,plc5_shao_in_vitro,plc5_shao_in_vitro__vehicle_control_72_h_survival_signaling,shao_wb_survival_signaling,densitometry_mcl_1,"Mcl-1, PLC5, 72h, 0 nM dinaciclib",1.05,relative densitometry,72.0,h,densitometry ratio,,,,,,workbook,Figure 3,B,,,DIRECT_SOURCE,QUANTITATIVE,False,,Explicit densitometry printed directly below each lane. Mcl-1/XIAP/survivin decline consistently with dose+time; Bcl-2/Bak stay comparatively flat; Bim rises.
shao_fig3b_mcl_1_plc5_72h_10nm,paper_PMID31561409,plc5_shao_in_vitro,plc5_shao_in_vitro__dinaciclib_10_nm_72_h_survival_signaling,shao_wb_survival_signaling,densitometry_mcl_1,"Mcl-1, PLC5, 72h, 10 nM dinaciclib",0.46,relative densitometry,72.0,h,densitometry ratio,,,,,,workbook,Figure 3,B,,,DIRECT_SOURCE,QUANTITATIVE,False,,Explicit densitometry printed directly below each lane. Mcl-1/XIAP/survivin decline consistently with dose+time; Bcl-2/Bak stay comparatively flat; Bim rises.
shao_fig3b_mcl_1_plc5_72h_15nm,paper_PMID31561409,plc5_shao_in_vitro,plc5_shao_in_vitro__dinaciclib_15_nm_72_h_survival_signaling,shao_wb_survival_signaling,densitometry_mcl_1,"Mcl-1, PLC5, 72h, 15 nM dinaciclib",0.17,relative densitometry,72.0,h,densitometry ratio,,,,,,workbook,Figure 3,B,,,DIRECT_SOURCE,QUANTITATIVE,False,,Explicit densitometry printed directly below each lane. Mcl-1/XIAP/survivin decline consistently with dose+time; Bcl-2/Bak stay comparatively flat; Bim rises.
shao_fig3b_mcl_1_plc5_72h_5nm,paper_PMID31561409,plc5_shao_in_vitro,plc5_shao_in_vitro__dinaciclib_5_nm_72_h_survival_signaling,shao_wb_survival_signaling,densitometry_mcl_1,"Mcl-1, PLC5, 72h, 5 nM dinaciclib",1.0,relative densitometry,72.0,h,densitometry ratio,,,,,,workbook,Figure 3,B,,,DIRECT_SOURCE,QUANTITATIVE,False,,Explicit densitometry printed directly below each lane. Mcl-1/XIAP/survivin decline consistently with dose+time; Bcl-2/Bak stay comparatively flat; Bim rises.
shao_fig3b_survivin_huh7_48h_0nm,paper_PMID31561409,huh7_shao_in_vitro,huh7_shao_in_vitro__vehicle_control_48_h_survival_signaling,shao_wb_survival_signaling,densitometry_survivin,"survivin, HuH7, 48h, 0 nM dinaciclib",0.83,relative densitometry,48.0,h,densitometry ratio,,,,,,workbook,Figure 3,B,,,DIRECT_SOURCE,QUANTITATIVE,False,,Explicit densitometry printed directly below each lane. Mcl-1/XIAP/survivin decline consistently with dose+time; Bcl-2/Bak stay comparatively flat; Bim rises.
shao_fig3b_survivin_huh7_48h_10nm,paper_PMID31561409,huh7_shao_in_vitro,huh7_shao_in_vitro__dinaciclib_10_nm_48_h_survival_signaling,shao_wb_survival_signaling,densitometry_survivin,"survivin, HuH7, 48h, 10 nM dinaciclib",0.36,relative densitometry,48.0,h,densitometry ratio,,,,,,workbook,Figure 3,B,,,DIRECT_SOURCE,QUANTITATIVE,False,,Explicit densitometry printed directly below each lane. Mcl-1/XIAP/survivin decline consistently with dose+time; Bcl-2/Bak stay comparatively flat; Bim rises.
shao_fig3b_survivin_huh7_48h_15nm,paper_PMID31561409,huh7_shao_in_vitro,huh7_shao_in_vitro__dinaciclib_15_nm_48_h_survival_signaling,shao_wb_survival_signaling,densitometry_survivin,"survivin, HuH7, 48h, 15 nM dinaciclib",0.35,relative densitometry,48.0,h,densitometry ratio,,,,,,workbook,Figure 3,B,,,DIRECT_SOURCE,QUANTITATIVE,False,,Explicit densitometry printed directly below each lane. Mcl-1/XIAP/survivin decline consistently with dose+time; Bcl-2/Bak stay comparatively flat; Bim rises.
shao_fig3b_survivin_huh7_48h_5nm,paper_PMID31561409,huh7_shao_in_vitro,huh7_shao_in_vitro__dinaciclib_5_nm_48_h_survival_signaling,shao_wb_survival_signaling,densitometry_survivin,"survivin, HuH7, 48h, 5 nM dinaciclib",0.81,relative densitometry,48.0,h,densitometry ratio,,,,,,workbook,Figure 3,B,,,DIRECT_SOURCE,QUANTITATIVE,False,,Explicit densitometry printed directly below each lane. Mcl-1/XIAP/survivin decline consistently with dose+time; Bcl-2/Bak stay comparatively flat; Bim rises.
shao_fig3b_survivin_huh7_72h_0nm,paper_PMID31561409,huh7_shao_in_vitro,huh7_shao_in_vitro__vehicle_control_72_h_survival_signaling,shao_wb_survival_signaling,densitometry_survivin,"survivin, HuH7, 72h, 0 nM dinaciclib",0.4,relative densitometry,72.0,h,densitometry ratio,,,,,,workbook,Figure 3,B,,,DIRECT_SOURCE,QUANTITATIVE,False,,Explicit densitometry printed directly below each lane. Mcl-1/XIAP/survivin decline consistently with dose+time; Bcl-2/Bak stay comparatively flat; Bim rises.
shao_fig3b_survivin_huh7_72h_10nm,paper_PMID31561409,huh7_shao_in_vitro,huh7_shao_in_vitro__dinaciclib_10_nm_72_h_survival_signaling,shao_wb_survival_signaling,densitometry_survivin,"survivin, HuH7, 72h, 10 nM dinaciclib",0.29,relative densitometry,72.0,h,densitometry ratio,,,,,,workbook,Figure 3,B,,,DIRECT_SOURCE,QUANTITATIVE,False,,Explicit densitometry printed directly below each lane. Mcl-1/XIAP/survivin decline consistently with dose+time; Bcl-2/Bak stay comparatively flat; Bim rises.
shao_fig3b_survivin_huh7_72h_15nm,paper_PMID31561409,huh7_shao_in_vitro,huh7_shao_in_vitro__dinaciclib_15_nm_72_h_survival_signaling,shao_wb_survival_signaling,densitometry_survivin,"survivin, HuH7, 72h, 15 nM dinaciclib",0.27,relative densitometry,72.0,h,densitometry ratio,,,,,,workbook,Figure 3,B,,,DIRECT_SOURCE,QUANTITATIVE,False,,Explicit densitometry printed directly below each lane. Mcl-1/XIAP/survivin decline consistently with dose+time; Bcl-2/Bak stay comparatively flat; Bim rises.
shao_fig3b_survivin_huh7_72h_5nm,paper_PMID31561409,huh7_shao_in_vitro,huh7_shao_in_vitro__dinaciclib_5_nm_72_h_survival_signaling,shao_wb_survival_signaling,densitometry_survivin,"survivin, HuH7, 72h, 5 nM dinaciclib",0.32,relative densitometry,72.0,h,densitometry ratio,,,,,,workbook,Figure 3,B,,,DIRECT_SOURCE,QUANTITATIVE,False,,Explicit densitometry printed directly below each lane. Mcl-1/XIAP/survivin decline consistently with dose+time; Bcl-2/Bak stay comparatively flat; Bim rises.
shao_fig3b_survivin_plc5_48h_0nm,paper_PMID31561409,plc5_shao_in_vitro,plc5_shao_in_vitro__vehicle_control_48_h_survival_signaling,shao_wb_survival_signaling,densitometry_survivin,"survivin, PLC5, 48h, 0 nM dinaciclib",0.8,relative densitometry,48.0,h,densitometry ratio,,,,,,workbook,Figure 3,B,,,DIRECT_SOURCE,QUANTITATIVE,False,,Explicit densitometry printed directly below each lane. Mcl-1/XIAP/survivin decline consistently with dose+time; Bcl-2/Bak stay comparatively flat; Bim rises.
shao_fig3b_survivin_plc5_48h_10nm,paper_PMID31561409,plc5_shao_in_vitro,plc5_shao_in_vitro__dinaciclib_10_nm_48_h_survival_signaling,shao_wb_survival_signaling,densitometry_survivin,"survivin, PLC5, 48h, 10 nM dinaciclib",0.5,relative densitometry,48.0,h,densitometry ratio,,,,,,workbook,Figure 3,B,,,DIRECT_SOURCE,QUANTITATIVE,False,,Explicit densitometry printed directly below each lane. Mcl-1/XIAP/survivin decline consistently with dose+time; Bcl-2/Bak stay comparatively flat; Bim rises.
shao_fig3b_survivin_plc5_48h_15nm,paper_PMID31561409,plc5_shao_in_vitro,plc5_shao_in_vitro__dinaciclib_15_nm_48_h_survival_signaling,shao_wb_survival_signaling,densitometry_survivin,"survivin, PLC5, 48h, 15 nM dinaciclib",0.18,relative densitometry,48.0,h,densitometry ratio,,,,,,workbook,Figure 3,B,,,DIRECT_SOURCE,QUANTITATIVE,False,,Explicit densitometry printed directly below each lane. Mcl-1/XIAP/survivin decline consistently with dose+time; Bcl-2/Bak stay comparatively flat; Bim rises.
shao_fig3b_survivin_plc5_48h_5nm,paper_PMID31561409,plc5_shao_in_vitro,plc5_shao_in_vitro__dinaciclib_5_nm_48_h_survival_signaling,shao_wb_survival_signaling,densitometry_survivin,"survivin, PLC5, 48h, 5 nM dinaciclib",0.76,relative densitometry,48.0,h,densitometry ratio,,,,,,workbook,Figure 3,B,,,DIRECT_SOURCE,QUANTITATIVE,False,,Explicit densitometry printed directly below each lane. Mcl-1/XIAP/survivin decline consistently with dose+time; Bcl-2/Bak stay comparatively flat; Bim rises.
shao_fig3b_survivin_plc5_72h_0nm,paper_PMID31561409,plc5_shao_in_vitro,plc5_shao_in_vitro__vehicle_control_72_h_survival_signaling,shao_wb_survival_signaling,densitometry_survivin,"survivin, PLC5, 72h, 0 nM dinaciclib",0.28,relative densitometry,72.0,h,densitometry ratio,,,,,,workbook,Figure 3,B,,,DIRECT_SOURCE,QUANTITATIVE,False,,Explicit densitometry printed directly below each lane. Mcl-1/XIAP/survivin decline consistently with dose+time; Bcl-2/Bak stay comparatively flat; Bim rises.
shao_fig3b_survivin_plc5_72h_10nm,paper_PMID31561409,plc5_shao_in_vitro,plc5_shao_in_vitro__dinaciclib_10_nm_72_h_survival_signaling,shao_wb_survival_signaling,densitometry_survivin,"survivin, PLC5, 72h, 10 nM dinaciclib",0.71,relative densitometry,72.0,h,densitometry ratio,,,,,,workbook,Figure 3,B,,,DIRECT_SOURCE,QUANTITATIVE,False,,Explicit densitometry printed directly below each lane. Mcl-1/XIAP/survivin decline consistently with dose+time; Bcl-2/Bak stay comparatively flat; Bim rises.
shao_fig3b_survivin_plc5_72h_15nm,paper_PMID31561409,plc5_shao_in_vitro,plc5_shao_in_vitro__dinaciclib_15_nm_72_h_survival_signaling,shao_wb_survival_signaling,densitometry_survivin,"survivin, PLC5, 72h, 15 nM dinaciclib",0.47,relative densitometry,72.0,h,densitometry ratio,,,,,,workbook,Figure 3,B,,,DIRECT_SOURCE,QUANTITATIVE,False,,Explicit densitometry printed directly below each lane. Mcl-1/XIAP/survivin decline consistently with dose+time; Bcl-2/Bak stay comparatively flat; Bim rises.
shao_fig3b_survivin_plc5_72h_5nm,paper_PMID31561409,plc5_shao_in_vitro,plc5_shao_in_vitro__dinaciclib_5_nm_72_h_survival_signaling,shao_wb_survival_signaling,densitometry_survivin,"survivin, PLC5, 72h, 5 nM dinaciclib",0.73,relative densitometry,72.0,h,densitometry ratio,,,,,,workbook,Figure 3,B,,,DIRECT_SOURCE,QUANTITATIVE,False,,Explicit densitometry printed directly below each lane. Mcl-1/XIAP/survivin decline consistently with dose+time; Bcl-2/Bak stay comparatively flat; Bim rises.
shao_fig3b_xiap_huh7_48h_0nm,paper_PMID31561409,huh7_shao_in_vitro,huh7_shao_in_vitro__vehicle_control_48_h_survival_signaling,shao_wb_survival_signaling,densitometry_xiap,"XIAP, HuH7, 48h, 0 nM dinaciclib",0.76,relative densitometry,48.0,h,densitometry ratio,,,,,,workbook,Figure 3,B,,,DIRECT_SOURCE,QUANTITATIVE,False,,Explicit densitometry printed directly below each lane. Mcl-1/XIAP/survivin decline consistently with dose+time; Bcl-2/Bak stay comparatively flat; Bim rises.
shao_fig3b_xiap_huh7_48h_10nm,paper_PMID31561409,huh7_shao_in_vitro,huh7_shao_in_vitro__dinaciclib_10_nm_48_h_survival_signaling,shao_wb_survival_signaling,densitometry_xiap,"XIAP, HuH7, 48h, 10 nM dinaciclib",0.32,relative densitometry,48.0,h,densitometry ratio,,,,,,workbook,Figure 3,B,,,DIRECT_SOURCE,QUANTITATIVE,False,,Explicit densitometry printed directly below each lane. Mcl-1/XIAP/survivin decline consistently with dose+time; Bcl-2/Bak stay comparatively flat; Bim rises.
shao_fig3b_xiap_huh7_48h_15nm,paper_PMID31561409,huh7_shao_in_vitro,huh7_shao_in_vitro__dinaciclib_15_nm_48_h_survival_signaling,shao_wb_survival_signaling,densitometry_xiap,"XIAP, HuH7, 48h, 15 nM dinaciclib",0.21,relative densitometry,48.0,h,densitometry ratio,,,,,,workbook,Figure 3,B,,,DIRECT_SOURCE,QUANTITATIVE,False,,Explicit densitometry printed directly below each lane. Mcl-1/XIAP/survivin decline consistently with dose+time; Bcl-2/Bak stay comparatively flat; Bim rises.
shao_fig3b_xiap_huh7_48h_5nm,paper_PMID31561409,huh7_shao_in_vitro,huh7_shao_in_vitro__dinaciclib_5_nm_48_h_survival_signaling,shao_wb_survival_signaling,densitometry_xiap,"XIAP, HuH7, 48h, 5 nM dinaciclib",0.67,relative densitometry,48.0,h,densitometry ratio,,,,,,workbook,Figure 3,B,,,DIRECT_SOURCE,QUANTITATIVE,False,,Explicit densitometry printed directly below each lane. Mcl-1/XIAP/survivin decline consistently with dose+time; Bcl-2/Bak stay comparatively flat; Bim rises.
shao_fig3b_xiap_huh7_72h_0nm,paper_PMID31561409,huh7_shao_in_vitro,huh7_shao_in_vitro__vehicle_control_72_h_survival_signaling,shao_wb_survival_signaling,densitometry_xiap,"XIAP, HuH7, 72h, 0 nM dinaciclib",1.03,relative densitometry,72.0,h,densitometry ratio,,,,,,workbook,Figure 3,B,,,DIRECT_SOURCE,QUANTITATIVE,False,,Explicit densitometry printed directly below each lane. Mcl-1/XIAP/survivin decline consistently with dose+time; Bcl-2/Bak stay comparatively flat; Bim rises.
shao_fig3b_xiap_huh7_72h_10nm,paper_PMID31561409,huh7_shao_in_vitro,huh7_shao_in_vitro__dinaciclib_10_nm_72_h_survival_signaling,shao_wb_survival_signaling,densitometry_xiap,"XIAP, HuH7, 72h, 10 nM dinaciclib",0.53,relative densitometry,72.0,h,densitometry ratio,,,,,,workbook,Figure 3,B,,,DIRECT_SOURCE,QUANTITATIVE,False,,Explicit densitometry printed directly below each lane. Mcl-1/XIAP/survivin decline consistently with dose+time; Bcl-2/Bak stay comparatively flat; Bim rises.
shao_fig3b_xiap_huh7_72h_15nm,paper_PMID31561409,huh7_shao_in_vitro,huh7_shao_in_vitro__dinaciclib_15_nm_72_h_survival_signaling,shao_wb_survival_signaling,densitometry_xiap,"XIAP, HuH7, 72h, 15 nM dinaciclib",0.28,relative densitometry,72.0,h,densitometry ratio,,,,,,workbook,Figure 3,B,,,DIRECT_SOURCE,QUANTITATIVE,False,,Explicit densitometry printed directly below each lane. Mcl-1/XIAP/survivin decline consistently with dose+time; Bcl-2/Bak stay comparatively flat; Bim rises.
shao_fig3b_xiap_huh7_72h_5nm,paper_PMID31561409,huh7_shao_in_vitro,huh7_shao_in_vitro__dinaciclib_5_nm_72_h_survival_signaling,shao_wb_survival_signaling,densitometry_xiap,"XIAP, HuH7, 72h, 5 nM dinaciclib",0.69,relative densitometry,72.0,h,densitometry ratio,,,,,,workbook,Figure 3,B,,,DIRECT_SOURCE,QUANTITATIVE,False,,Explicit densitometry printed directly below each lane. Mcl-1/XIAP/survivin decline consistently with dose+time; Bcl-2/Bak stay comparatively flat; Bim rises.
shao_fig3b_xiap_plc5_48h_0nm,paper_PMID31561409,plc5_shao_in_vitro,plc5_shao_in_vitro__vehicle_control_48_h_survival_signaling,shao_wb_survival_signaling,densitometry_xiap,"XIAP, PLC5, 48h, 0 nM dinaciclib",1.19,relative densitometry,48.0,h,densitometry ratio,,,,,,workbook,Figure 3,B,,,DIRECT_SOURCE,QUANTITATIVE,False,,Explicit densitometry printed directly below each lane. Mcl-1/XIAP/survivin decline consistently with dose+time; Bcl-2/Bak stay comparatively flat; Bim rises.
shao_fig3b_xiap_plc5_48h_10nm,paper_PMID31561409,plc5_shao_in_vitro,plc5_shao_in_vitro__dinaciclib_10_nm_48_h_survival_signaling,shao_wb_survival_signaling,densitometry_xiap,"XIAP, PLC5, 48h, 10 nM dinaciclib",0.24,relative densitometry,48.0,h,densitometry ratio,,,,,,workbook,Figure 3,B,,,DIRECT_SOURCE,QUANTITATIVE,False,,Explicit densitometry printed directly below each lane. Mcl-1/XIAP/survivin decline consistently with dose+time; Bcl-2/Bak stay comparatively flat; Bim rises.
shao_fig3b_xiap_plc5_48h_15nm,paper_PMID31561409,plc5_shao_in_vitro,plc5_shao_in_vitro__dinaciclib_15_nm_48_h_survival_signaling,shao_wb_survival_signaling,densitometry_xiap,"XIAP, PLC5, 48h, 15 nM dinaciclib",0.1,relative densitometry,48.0,h,densitometry ratio,,,,,,workbook,Figure 3,B,,,DIRECT_SOURCE,QUANTITATIVE,False,,Explicit densitometry printed directly below each lane. Mcl-1/XIAP/survivin decline consistently with dose+time; Bcl-2/Bak stay comparatively flat; Bim rises.
shao_fig3b_xiap_plc5_48h_5nm,paper_PMID31561409,plc5_shao_in_vitro,plc5_shao_in_vitro__dinaciclib_5_nm_48_h_survival_signaling,shao_wb_survival_signaling,densitometry_xiap,"XIAP, PLC5, 48h, 5 nM dinaciclib",0.79,relative densitometry,48.0,h,densitometry ratio,,,,,,workbook,Figure 3,B,,,DIRECT_SOURCE,QUANTITATIVE,False,,Explicit densitometry printed directly below each lane. Mcl-1/XIAP/survivin decline consistently with dose+time; Bcl-2/Bak stay comparatively flat; Bim rises.
shao_fig3b_xiap_plc5_72h_0nm,paper_PMID31561409,plc5_shao_in_vitro,plc5_shao_in_vitro__vehicle_control_72_h_survival_signaling,shao_wb_survival_signaling,densitometry_xiap,"XIAP, PLC5, 72h, 0 nM dinaciclib",0.91,relative densitometry,72.0,h,densitometry ratio,,,,,,workbook,Figure 3,B,,,DIRECT_SOURCE,QUANTITATIVE,False,,Explicit densitometry printed directly below each lane. Mcl-1/XIAP/survivin decline consistently with dose+time; Bcl-2/Bak stay comparatively flat; Bim rises.
shao_fig3b_xiap_plc5_72h_10nm,paper_PMID31561409,plc5_shao_in_vitro,plc5_shao_in_vitro__dinaciclib_10_nm_72_h_survival_signaling,shao_wb_survival_signaling,densitometry_xiap,"XIAP, PLC5, 72h, 10 nM dinaciclib",0.48,relative densitometry,72.0,h,densitometry ratio,,,,,,workbook,Figure 3,B,,,DIRECT_SOURCE,QUANTITATIVE,False,,Explicit densitometry printed directly below each lane. Mcl-1/XIAP/survivin decline consistently with dose+time; Bcl-2/Bak stay comparatively flat; Bim rises.
shao_fig3b_xiap_plc5_72h_15nm,paper_PMID31561409,plc5_shao_in_vitro,plc5_shao_in_vitro__dinaciclib_15_nm_72_h_survival_signaling,shao_wb_survival_signaling,densitometry_xiap,"XIAP, PLC5, 72h, 15 nM dinaciclib",0.15,relative densitometry,72.0,h,densitometry ratio,,,,,,workbook,Figure 3,B,,,DIRECT_SOURCE,QUANTITATIVE,False,,Explicit densitometry printed directly below each lane. Mcl-1/XIAP/survivin decline consistently with dose+time; Bcl-2/Bak stay comparatively flat; Bim rises.
shao_fig3b_xiap_plc5_72h_5nm,paper_PMID31561409,plc5_shao_in_vitro,plc5_shao_in_vitro__dinaciclib_5_nm_72_h_survival_signaling,shao_wb_survival_signaling,densitometry_xiap,"XIAP, PLC5, 72h, 5 nM dinaciclib",0.98,relative densitometry,72.0,h,densitometry ratio,,,,,,workbook,Figure 3,B,,,DIRECT_SOURCE,QUANTITATIVE,False,,Explicit densitometry printed directly below each lane. Mcl-1/XIAP/survivin decline consistently with dose+time; Bcl-2/Bak stay comparatively flat; Bim rises.
shao_fig4b_dinaciclib_20_mg_kg_day0,paper_PMID31561409,huh7_shao_xenograft,huh7_shao_xenograft__dinaciclib_20_mg_kg,shao_xenograft_tumor_volume,xenograft_tumor_volume,"Tumor volume, Dinaciclib 20 mg/kg, day 0",150.0,mm3,0.0,d,mean tumor volume,visual digitization uncertainty (curve-position estimate),,,,,workbook,Figure 4,B,,,PLOT_DIGITIZED,SEMI_QUANTITATIVE,False,,"No explicit numeric values stated in text beyond 'significantly slower growth' (p<0.05 at endpoint). DATA-QUALITY FLAG: 20 and 40 mg/kg tumor-volume curves are nearly superimposed throughout (apparent plateau) -- contrast with the TUNEL apoptosis readout (Fig4D), which DOES separate the two doses (~2.3x vs ~3.9x control). Both endpoints are imported independently here rather than reconciled; see extraction_metadata.json."
shao_fig4b_dinaciclib_20_mg_kg_day12,paper_PMID31561409,huh7_shao_xenograft,huh7_shao_xenograft__dinaciclib_20_mg_kg,shao_xenograft_tumor_volume,xenograft_tumor_volume,"Tumor volume, Dinaciclib 20 mg/kg, day 12",650.0,mm3,12.0,d,mean tumor volume,visual digitization uncertainty (curve-position estimate),,,,,workbook,Figure 4,B,,,PLOT_DIGITIZED,SEMI_QUANTITATIVE,False,,"No explicit numeric values stated in text beyond 'significantly slower growth' (p<0.05 at endpoint). DATA-QUALITY FLAG: 20 and 40 mg/kg tumor-volume curves are nearly superimposed throughout (apparent plateau) -- contrast with the TUNEL apoptosis readout (Fig4D), which DOES separate the two doses (~2.3x vs ~3.9x control). Both endpoints are imported independently here rather than reconciled; see extraction_metadata.json."
shao_fig4b_dinaciclib_20_mg_kg_day15,paper_PMID31561409,huh7_shao_xenograft,huh7_shao_xenograft__dinaciclib_20_mg_kg,shao_xenograft_tumor_volume,xenograft_tumor_volume,"Tumor volume, Dinaciclib 20 mg/kg, day 15",800.0,mm3,15.0,d,mean tumor volume,visual digitization uncertainty (curve-position estimate),,,,,workbook,Figure 4,B,,,PLOT_DIGITIZED,SEMI_QUANTITATIVE,False,,"No explicit numeric values stated in text beyond 'significantly slower growth' (p<0.05 at endpoint). DATA-QUALITY FLAG: 20 and 40 mg/kg tumor-volume curves are nearly superimposed throughout (apparent plateau) -- contrast with the TUNEL apoptosis readout (Fig4D), which DOES separate the two doses (~2.3x vs ~3.9x control). Both endpoints are imported independently here rather than reconciled; see extraction_metadata.json."
shao_fig4b_dinaciclib_20_mg_kg_day18,paper_PMID31561409,huh7_shao_xenograft,huh7_shao_xenograft__dinaciclib_20_mg_kg,shao_xenograft_tumor_volume,xenograft_tumor_volume,"Tumor volume, Dinaciclib 20 mg/kg, day 18",950.0,mm3,18.0,d,mean tumor volume,visual digitization uncertainty (curve-position estimate),,,,,workbook,Figure 4,B,,,PLOT_DIGITIZED,SEMI_QUANTITATIVE,False,,"No explicit numeric values stated in text beyond 'significantly slower growth' (p<0.05 at endpoint). DATA-QUALITY FLAG: 20 and 40 mg/kg tumor-volume curves are nearly superimposed throughout (apparent plateau) -- contrast with the TUNEL apoptosis readout (Fig4D), which DOES separate the two doses (~2.3x vs ~3.9x control). Both endpoints are imported independently here rather than reconciled; see extraction_metadata.json."
shao_fig4b_dinaciclib_20_mg_kg_day21,paper_PMID31561409,huh7_shao_xenograft,huh7_shao_xenograft__dinaciclib_20_mg_kg,shao_xenograft_tumor_volume,xenograft_tumor_volume,"Tumor volume, Dinaciclib 20 mg/kg, day 21",1100.0,mm3,21.0,d,mean tumor volume,visual digitization uncertainty (curve-position estimate),,,,,workbook,Figure 4,B,,,PLOT_DIGITIZED,SEMI_QUANTITATIVE,False,,"No explicit numeric values stated in text beyond 'significantly slower growth' (p<0.05 at endpoint). DATA-QUALITY FLAG: 20 and 40 mg/kg tumor-volume curves are nearly superimposed throughout (apparent plateau) -- contrast with the TUNEL apoptosis readout (Fig4D), which DOES separate the two doses (~2.3x vs ~3.9x control). Both endpoints are imported independently here rather than reconciled; see extraction_metadata.json."
shao_fig4b_dinaciclib_20_mg_kg_day24,paper_PMID31561409,huh7_shao_xenograft,huh7_shao_xenograft__dinaciclib_20_mg_kg,shao_xenograft_tumor_volume,xenograft_tumor_volume,"Tumor volume, Dinaciclib 20 mg/kg, day 24",1300.0,mm3,24.0,d,mean tumor volume,visual digitization uncertainty (curve-position estimate),,,,,workbook,Figure 4,B,,,PLOT_DIGITIZED,SEMI_QUANTITATIVE,False,,"No explicit numeric values stated in text beyond 'significantly slower growth' (p<0.05 at endpoint). DATA-QUALITY FLAG: 20 and 40 mg/kg tumor-volume curves are nearly superimposed throughout (apparent plateau) -- contrast with the TUNEL apoptosis readout (Fig4D), which DOES separate the two doses (~2.3x vs ~3.9x control). Both endpoints are imported independently here rather than reconciled; see extraction_metadata.json."
shao_fig4b_dinaciclib_20_mg_kg_day26,paper_PMID31561409,huh7_shao_xenograft,huh7_shao_xenograft__dinaciclib_20_mg_kg,shao_xenograft_tumor_volume,xenograft_tumor_volume,"Tumor volume, Dinaciclib 20 mg/kg, day 26",1550.0,mm3,26.0,d,mean tumor volume,visual digitization uncertainty (curve-position estimate),,,,,workbook,Figure 4,B,,,PLOT_DIGITIZED,SEMI_QUANTITATIVE,False,,"No explicit numeric values stated in text beyond 'significantly slower growth' (p<0.05 at endpoint). DATA-QUALITY FLAG: 20 and 40 mg/kg tumor-volume curves are nearly superimposed throughout (apparent plateau) -- contrast with the TUNEL apoptosis readout (Fig4D), which DOES separate the two doses (~2.3x vs ~3.9x control). Both endpoints are imported independently here rather than reconciled; see extraction_metadata.json."
shao_fig4b_dinaciclib_20_mg_kg_day3,paper_PMID31561409,huh7_shao_xenograft,huh7_shao_xenograft__dinaciclib_20_mg_kg,shao_xenograft_tumor_volume,xenograft_tumor_volume,"Tumor volume, Dinaciclib 20 mg/kg, day 3",250.0,mm3,3.0,d,mean tumor volume,visual digitization uncertainty (curve-position estimate),,,,,workbook,Figure 4,B,,,PLOT_DIGITIZED,SEMI_QUANTITATIVE,False,,"No explicit numeric values stated in text beyond 'significantly slower growth' (p<0.05 at endpoint). DATA-QUALITY FLAG: 20 and 40 mg/kg tumor-volume curves are nearly superimposed throughout (apparent plateau) -- contrast with the TUNEL apoptosis readout (Fig4D), which DOES separate the two doses (~2.3x vs ~3.9x control). Both endpoints are imported independently here rather than reconciled; see extraction_metadata.json."
shao_fig4b_dinaciclib_20_mg_kg_day6,paper_PMID31561409,huh7_shao_xenograft,huh7_shao_xenograft__dinaciclib_20_mg_kg,shao_xenograft_tumor_volume,xenograft_tumor_volume,"Tumor volume, Dinaciclib 20 mg/kg, day 6",350.0,mm3,6.0,d,mean tumor volume,visual digitization uncertainty (curve-position estimate),,,,,workbook,Figure 4,B,,,PLOT_DIGITIZED,SEMI_QUANTITATIVE,False,,"No explicit numeric values stated in text beyond 'significantly slower growth' (p<0.05 at endpoint). DATA-QUALITY FLAG: 20 and 40 mg/kg tumor-volume curves are nearly superimposed throughout (apparent plateau) -- contrast with the TUNEL apoptosis readout (Fig4D), which DOES separate the two doses (~2.3x vs ~3.9x control). Both endpoints are imported independently here rather than reconciled; see extraction_metadata.json."
shao_fig4b_dinaciclib_20_mg_kg_day9,paper_PMID31561409,huh7_shao_xenograft,huh7_shao_xenograft__dinaciclib_20_mg_kg,shao_xenograft_tumor_volume,xenograft_tumor_volume,"Tumor volume, Dinaciclib 20 mg/kg, day 9",500.0,mm3,9.0,d,mean tumor volume,visual digitization uncertainty (curve-position estimate),,,,,workbook,Figure 4,B,,,PLOT_DIGITIZED,SEMI_QUANTITATIVE,False,,"No explicit numeric values stated in text beyond 'significantly slower growth' (p<0.05 at endpoint). DATA-QUALITY FLAG: 20 and 40 mg/kg tumor-volume curves are nearly superimposed throughout (apparent plateau) -- contrast with the TUNEL apoptosis readout (Fig4D), which DOES separate the two doses (~2.3x vs ~3.9x control). Both endpoints are imported independently here rather than reconciled; see extraction_metadata.json."
shao_fig4b_dinaciclib_40_mg_kg_day0,paper_PMID31561409,huh7_shao_xenograft,huh7_shao_xenograft__dinaciclib_40_mg_kg,shao_xenograft_tumor_volume,xenograft_tumor_volume,"Tumor volume, Dinaciclib 40 mg/kg, day 0",150.0,mm3,0.0,d,mean tumor volume,visual digitization uncertainty (curve-position estimate),,,,,workbook,Figure 4,B,,,PLOT_DIGITIZED,SEMI_QUANTITATIVE,False,,"No explicit numeric values stated in text beyond 'significantly slower growth' (p<0.05 at endpoint). DATA-QUALITY FLAG: 20 and 40 mg/kg tumor-volume curves are nearly superimposed throughout (apparent plateau) -- contrast with the TUNEL apoptosis readout (Fig4D), which DOES separate the two doses (~2.3x vs ~3.9x control). Both endpoints are imported independently here rather than reconciled; see extraction_metadata.json."
shao_fig4b_dinaciclib_40_mg_kg_day12,paper_PMID31561409,huh7_shao_xenograft,huh7_shao_xenograft__dinaciclib_40_mg_kg,shao_xenograft_tumor_volume,xenograft_tumor_volume,"Tumor volume, Dinaciclib 40 mg/kg, day 12",600.0,mm3,12.0,d,mean tumor volume,visual digitization uncertainty (curve-position estimate),,,,,workbook,Figure 4,B,,,PLOT_DIGITIZED,SEMI_QUANTITATIVE,False,,"No explicit numeric values stated in text beyond 'significantly slower growth' (p<0.05 at endpoint). DATA-QUALITY FLAG: 20 and 40 mg/kg tumor-volume curves are nearly superimposed throughout (apparent plateau) -- contrast with the TUNEL apoptosis readout (Fig4D), which DOES separate the two doses (~2.3x vs ~3.9x control). Both endpoints are imported independently here rather than reconciled; see extraction_metadata.json."
shao_fig4b_dinaciclib_40_mg_kg_day15,paper_PMID31561409,huh7_shao_xenograft,huh7_shao_xenograft__dinaciclib_40_mg_kg,shao_xenograft_tumor_volume,xenograft_tumor_volume,"Tumor volume, Dinaciclib 40 mg/kg, day 15",750.0,mm3,15.0,d,mean tumor volume,visual digitization uncertainty (curve-position estimate),,,,,workbook,Figure 4,B,,,PLOT_DIGITIZED,SEMI_QUANTITATIVE,False,,"No explicit numeric values stated in text beyond 'significantly slower growth' (p<0.05 at endpoint). DATA-QUALITY FLAG: 20 and 40 mg/kg tumor-volume curves are nearly superimposed throughout (apparent plateau) -- contrast with the TUNEL apoptosis readout (Fig4D), which DOES separate the two doses (~2.3x vs ~3.9x control). Both endpoints are imported independently here rather than reconciled; see extraction_metadata.json."
shao_fig4b_dinaciclib_40_mg_kg_day18,paper_PMID31561409,huh7_shao_xenograft,huh7_shao_xenograft__dinaciclib_40_mg_kg,shao_xenograft_tumor_volume,xenograft_tumor_volume,"Tumor volume, Dinaciclib 40 mg/kg, day 18",900.0,mm3,18.0,d,mean tumor volume,visual digitization uncertainty (curve-position estimate),,,,,workbook,Figure 4,B,,,PLOT_DIGITIZED,SEMI_QUANTITATIVE,False,,"No explicit numeric values stated in text beyond 'significantly slower growth' (p<0.05 at endpoint). DATA-QUALITY FLAG: 20 and 40 mg/kg tumor-volume curves are nearly superimposed throughout (apparent plateau) -- contrast with the TUNEL apoptosis readout (Fig4D), which DOES separate the two doses (~2.3x vs ~3.9x control). Both endpoints are imported independently here rather than reconciled; see extraction_metadata.json."
shao_fig4b_dinaciclib_40_mg_kg_day21,paper_PMID31561409,huh7_shao_xenograft,huh7_shao_xenograft__dinaciclib_40_mg_kg,shao_xenograft_tumor_volume,xenograft_tumor_volume,"Tumor volume, Dinaciclib 40 mg/kg, day 21",1050.0,mm3,21.0,d,mean tumor volume,visual digitization uncertainty (curve-position estimate),,,,,workbook,Figure 4,B,,,PLOT_DIGITIZED,SEMI_QUANTITATIVE,False,,"No explicit numeric values stated in text beyond 'significantly slower growth' (p<0.05 at endpoint). DATA-QUALITY FLAG: 20 and 40 mg/kg tumor-volume curves are nearly superimposed throughout (apparent plateau) -- contrast with the TUNEL apoptosis readout (Fig4D), which DOES separate the two doses (~2.3x vs ~3.9x control). Both endpoints are imported independently here rather than reconciled; see extraction_metadata.json."
shao_fig4b_dinaciclib_40_mg_kg_day24,paper_PMID31561409,huh7_shao_xenograft,huh7_shao_xenograft__dinaciclib_40_mg_kg,shao_xenograft_tumor_volume,xenograft_tumor_volume,"Tumor volume, Dinaciclib 40 mg/kg, day 24",1200.0,mm3,24.0,d,mean tumor volume,visual digitization uncertainty (curve-position estimate),,,,,workbook,Figure 4,B,,,PLOT_DIGITIZED,SEMI_QUANTITATIVE,False,,"No explicit numeric values stated in text beyond 'significantly slower growth' (p<0.05 at endpoint). DATA-QUALITY FLAG: 20 and 40 mg/kg tumor-volume curves are nearly superimposed throughout (apparent plateau) -- contrast with the TUNEL apoptosis readout (Fig4D), which DOES separate the two doses (~2.3x vs ~3.9x control). Both endpoints are imported independently here rather than reconciled; see extraction_metadata.json."
shao_fig4b_dinaciclib_40_mg_kg_day26,paper_PMID31561409,huh7_shao_xenograft,huh7_shao_xenograft__dinaciclib_40_mg_kg,shao_xenograft_tumor_volume,xenograft_tumor_volume,"Tumor volume, Dinaciclib 40 mg/kg, day 26",1500.0,mm3,26.0,d,mean tumor volume,visual digitization uncertainty (curve-position estimate),,,,,workbook,Figure 4,B,,,PLOT_DIGITIZED,SEMI_QUANTITATIVE,False,,"No explicit numeric values stated in text beyond 'significantly slower growth' (p<0.05 at endpoint). DATA-QUALITY FLAG: 20 and 40 mg/kg tumor-volume curves are nearly superimposed throughout (apparent plateau) -- contrast with the TUNEL apoptosis readout (Fig4D), which DOES separate the two doses (~2.3x vs ~3.9x control). Both endpoints are imported independently here rather than reconciled; see extraction_metadata.json."
shao_fig4b_dinaciclib_40_mg_kg_day3,paper_PMID31561409,huh7_shao_xenograft,huh7_shao_xenograft__dinaciclib_40_mg_kg,shao_xenograft_tumor_volume,xenograft_tumor_volume,"Tumor volume, Dinaciclib 40 mg/kg, day 3",230.0,mm3,3.0,d,mean tumor volume,visual digitization uncertainty (curve-position estimate),,,,,workbook,Figure 4,B,,,PLOT_DIGITIZED,SEMI_QUANTITATIVE,False,,"No explicit numeric values stated in text beyond 'significantly slower growth' (p<0.05 at endpoint). DATA-QUALITY FLAG: 20 and 40 mg/kg tumor-volume curves are nearly superimposed throughout (apparent plateau) -- contrast with the TUNEL apoptosis readout (Fig4D), which DOES separate the two doses (~2.3x vs ~3.9x control). Both endpoints are imported independently here rather than reconciled; see extraction_metadata.json."
shao_fig4b_dinaciclib_40_mg_kg_day6,paper_PMID31561409,huh7_shao_xenograft,huh7_shao_xenograft__dinaciclib_40_mg_kg,shao_xenograft_tumor_volume,xenograft_tumor_volume,"Tumor volume, Dinaciclib 40 mg/kg, day 6",330.0,mm3,6.0,d,mean tumor volume,visual digitization uncertainty (curve-position estimate),,,,,workbook,Figure 4,B,,,PLOT_DIGITIZED,SEMI_QUANTITATIVE,False,,"No explicit numeric values stated in text beyond 'significantly slower growth' (p<0.05 at endpoint). DATA-QUALITY FLAG: 20 and 40 mg/kg tumor-volume curves are nearly superimposed throughout (apparent plateau) -- contrast with the TUNEL apoptosis readout (Fig4D), which DOES separate the two doses (~2.3x vs ~3.9x control). Both endpoints are imported independently here rather than reconciled; see extraction_metadata.json."
shao_fig4b_dinaciclib_40_mg_kg_day9,paper_PMID31561409,huh7_shao_xenograft,huh7_shao_xenograft__dinaciclib_40_mg_kg,shao_xenograft_tumor_volume,xenograft_tumor_volume,"Tumor volume, Dinaciclib 40 mg/kg, day 9",480.0,mm3,9.0,d,mean tumor volume,visual digitization uncertainty (curve-position estimate),,,,,workbook,Figure 4,B,,,PLOT_DIGITIZED,SEMI_QUANTITATIVE,False,,"No explicit numeric values stated in text beyond 'significantly slower growth' (p<0.05 at endpoint). DATA-QUALITY FLAG: 20 and 40 mg/kg tumor-volume curves are nearly superimposed throughout (apparent plateau) -- contrast with the TUNEL apoptosis readout (Fig4D), which DOES separate the two doses (~2.3x vs ~3.9x control). Both endpoints are imported independently here rather than reconciled; see extraction_metadata.json."
shao_fig4b_vehicle_day0,paper_PMID31561409,huh7_shao_xenograft,huh7_shao_xenograft__vehicle,shao_xenograft_tumor_volume,xenograft_tumor_volume,"Tumor volume, Vehicle, day 0",150.0,mm3,0.0,d,mean tumor volume,visual digitization uncertainty (curve-position estimate),,,,,workbook,Figure 4,B,,,PLOT_DIGITIZED,SEMI_QUANTITATIVE,False,,"No explicit numeric values stated in text beyond 'significantly slower growth' (p<0.05 at endpoint). DATA-QUALITY FLAG: 20 and 40 mg/kg tumor-volume curves are nearly superimposed throughout (apparent plateau) -- contrast with the TUNEL apoptosis readout (Fig4D), which DOES separate the two doses (~2.3x vs ~3.9x control). Both endpoints are imported independently here rather than reconciled; see extraction_metadata.json."
shao_fig4b_vehicle_day12,paper_PMID31561409,huh7_shao_xenograft,huh7_shao_xenograft__vehicle,shao_xenograft_tumor_volume,xenograft_tumor_volume,"Tumor volume, Vehicle, day 12",1050.0,mm3,12.0,d,mean tumor volume,visual digitization uncertainty (curve-position estimate),,,,,workbook,Figure 4,B,,,PLOT_DIGITIZED,SEMI_QUANTITATIVE,False,,"No explicit numeric values stated in text beyond 'significantly slower growth' (p<0.05 at endpoint). DATA-QUALITY FLAG: 20 and 40 mg/kg tumor-volume curves are nearly superimposed throughout (apparent plateau) -- contrast with the TUNEL apoptosis readout (Fig4D), which DOES separate the two doses (~2.3x vs ~3.9x control). Both endpoints are imported independently here rather than reconciled; see extraction_metadata.json."
shao_fig4b_vehicle_day15,paper_PMID31561409,huh7_shao_xenograft,huh7_shao_xenograft__vehicle,shao_xenograft_tumor_volume,xenograft_tumor_volume,"Tumor volume, Vehicle, day 15",1500.0,mm3,15.0,d,mean tumor volume,visual digitization uncertainty (curve-position estimate),,,,,workbook,Figure 4,B,,,PLOT_DIGITIZED,SEMI_QUANTITATIVE,False,,"No explicit numeric values stated in text beyond 'significantly slower growth' (p<0.05 at endpoint). DATA-QUALITY FLAG: 20 and 40 mg/kg tumor-volume curves are nearly superimposed throughout (apparent plateau) -- contrast with the TUNEL apoptosis readout (Fig4D), which DOES separate the two doses (~2.3x vs ~3.9x control). Both endpoints are imported independently here rather than reconciled; see extraction_metadata.json."
shao_fig4b_vehicle_day18,paper_PMID31561409,huh7_shao_xenograft,huh7_shao_xenograft__vehicle,shao_xenograft_tumor_volume,xenograft_tumor_volume,"Tumor volume, Vehicle, day 18",2000.0,mm3,18.0,d,mean tumor volume,visual digitization uncertainty (curve-position estimate),,,,,workbook,Figure 4,B,,,PLOT_DIGITIZED,SEMI_QUANTITATIVE,False,,"No explicit numeric values stated in text beyond 'significantly slower growth' (p<0.05 at endpoint). DATA-QUALITY FLAG: 20 and 40 mg/kg tumor-volume curves are nearly superimposed throughout (apparent plateau) -- contrast with the TUNEL apoptosis readout (Fig4D), which DOES separate the two doses (~2.3x vs ~3.9x control). Both endpoints are imported independently here rather than reconciled; see extraction_metadata.json."
shao_fig4b_vehicle_day21,paper_PMID31561409,huh7_shao_xenograft,huh7_shao_xenograft__vehicle,shao_xenograft_tumor_volume,xenograft_tumor_volume,"Tumor volume, Vehicle, day 21",2400.0,mm3,21.0,d,mean tumor volume,visual digitization uncertainty (curve-position estimate),,,,,workbook,Figure 4,B,,,PLOT_DIGITIZED,SEMI_QUANTITATIVE,False,,"No explicit numeric values stated in text beyond 'significantly slower growth' (p<0.05 at endpoint). DATA-QUALITY FLAG: 20 and 40 mg/kg tumor-volume curves are nearly superimposed throughout (apparent plateau) -- contrast with the TUNEL apoptosis readout (Fig4D), which DOES separate the two doses (~2.3x vs ~3.9x control). Both endpoints are imported independently here rather than reconciled; see extraction_metadata.json."
shao_fig4b_vehicle_day24,paper_PMID31561409,huh7_shao_xenograft,huh7_shao_xenograft__vehicle,shao_xenograft_tumor_volume,xenograft_tumor_volume,"Tumor volume, Vehicle, day 24",2800.0,mm3,24.0,d,mean tumor volume,visual digitization uncertainty (curve-position estimate),,,,,workbook,Figure 4,B,,,PLOT_DIGITIZED,SEMI_QUANTITATIVE,False,,"No explicit numeric values stated in text beyond 'significantly slower growth' (p<0.05 at endpoint). DATA-QUALITY FLAG: 20 and 40 mg/kg tumor-volume curves are nearly superimposed throughout (apparent plateau) -- contrast with the TUNEL apoptosis readout (Fig4D), which DOES separate the two doses (~2.3x vs ~3.9x control). Both endpoints are imported independently here rather than reconciled; see extraction_metadata.json."
shao_fig4b_vehicle_day26,paper_PMID31561409,huh7_shao_xenograft,huh7_shao_xenograft__vehicle,shao_xenograft_tumor_volume,xenograft_tumor_volume,"Tumor volume, Vehicle, day 26",3450.0,mm3,26.0,d,mean tumor volume,visual digitization uncertainty (curve-position estimate),,,,,workbook,Figure 4,B,,,PLOT_DIGITIZED,SEMI_QUANTITATIVE,False,,"No explicit numeric values stated in text beyond 'significantly slower growth' (p<0.05 at endpoint). DATA-QUALITY FLAG: 20 and 40 mg/kg tumor-volume curves are nearly superimposed throughout (apparent plateau) -- contrast with the TUNEL apoptosis readout (Fig4D), which DOES separate the two doses (~2.3x vs ~3.9x control). Both endpoints are imported independently here rather than reconciled; see extraction_metadata.json."
shao_fig4b_vehicle_day3,paper_PMID31561409,huh7_shao_xenograft,huh7_shao_xenograft__vehicle,shao_xenograft_tumor_volume,xenograft_tumor_volume,"Tumor volume, Vehicle, day 3",300.0,mm3,3.0,d,mean tumor volume,visual digitization uncertainty (curve-position estimate),,,,,workbook,Figure 4,B,,,PLOT_DIGITIZED,SEMI_QUANTITATIVE,False,,"No explicit numeric values stated in text beyond 'significantly slower growth' (p<0.05 at endpoint). DATA-QUALITY FLAG: 20 and 40 mg/kg tumor-volume curves are nearly superimposed throughout (apparent plateau) -- contrast with the TUNEL apoptosis readout (Fig4D), which DOES separate the two doses (~2.3x vs ~3.9x control). Both endpoints are imported independently here rather than reconciled; see extraction_metadata.json."
shao_fig4b_vehicle_day6,paper_PMID31561409,huh7_shao_xenograft,huh7_shao_xenograft__vehicle,shao_xenograft_tumor_volume,xenograft_tumor_volume,"Tumor volume, Vehicle, day 6",500.0,mm3,6.0,d,mean tumor volume,visual digitization uncertainty (curve-position estimate),,,,,workbook,Figure 4,B,,,PLOT_DIGITIZED,SEMI_QUANTITATIVE,False,,"No explicit numeric values stated in text beyond 'significantly slower growth' (p<0.05 at endpoint). DATA-QUALITY FLAG: 20 and 40 mg/kg tumor-volume curves are nearly superimposed throughout (apparent plateau) -- contrast with the TUNEL apoptosis readout (Fig4D), which DOES separate the two doses (~2.3x vs ~3.9x control). Both endpoints are imported independently here rather than reconciled; see extraction_metadata.json."
shao_fig4b_vehicle_day9,paper_PMID31561409,huh7_shao_xenograft,huh7_shao_xenograft__vehicle,shao_xenograft_tumor_volume,xenograft_tumor_volume,"Tumor volume, Vehicle, day 9",750.0,mm3,9.0,d,mean tumor volume,visual digitization uncertainty (curve-position estimate),,,,,workbook,Figure 4,B,,,PLOT_DIGITIZED,SEMI_QUANTITATIVE,False,,"No explicit numeric values stated in text beyond 'significantly slower growth' (p<0.05 at endpoint). DATA-QUALITY FLAG: 20 and 40 mg/kg tumor-volume curves are nearly superimposed throughout (apparent plateau) -- contrast with the TUNEL apoptosis readout (Fig4D), which DOES separate the two doses (~2.3x vs ~3.9x control). Both endpoints are imported independently here rather than reconciled; see extraction_metadata.json."
shao_fig4d_dinaciclib_20_mg_kg,paper_PMID31561409,huh7_shao_xenograft,huh7_shao_xenograft__dinaciclib_20_mg_kg_tunel,shao_tunel,tunel_apoptosis_ratio,"TUNEL apoptosis ratio to control, Dinaciclib 20 mg/kg",2.35,ratio to vehicle control,,,apoptosis ratio to control,visual digitization uncertainty (bar-height estimate),,,,,workbook,Figure 4,D,,,PLOT_DIGITIZED,SEMI_QUANTITATIVE,False,,"DATA-QUALITY FLAG: this readout DOES separate 20 vs 40 mg/kg (~2.3x vs ~3.9x control) even though Fig4B tumor volume does not -- the tumor-volume endpoint appears to saturate before the underlying apoptotic response does. Kept as an independent observation, not reconciled with Fig4B."
shao_fig4d_dinaciclib_40_mg_kg,paper_PMID31561409,huh7_shao_xenograft,huh7_shao_xenograft__dinaciclib_40_mg_kg_tunel,shao_tunel,tunel_apoptosis_ratio,"TUNEL apoptosis ratio to control, Dinaciclib 40 mg/kg",3.95,ratio to vehicle control,,,apoptosis ratio to control,visual digitization uncertainty (bar-height estimate),,,,,workbook,Figure 4,D,,,PLOT_DIGITIZED,SEMI_QUANTITATIVE,False,,"DATA-QUALITY FLAG: this readout DOES separate 20 vs 40 mg/kg (~2.3x vs ~3.9x control) even though Fig4B tumor volume does not -- the tumor-volume endpoint appears to saturate before the underlying apoptotic response does. Kept as an independent observation, not reconciled with Fig4B."
shao_fig4d_vehicle,paper_PMID31561409,huh7_shao_xenograft,huh7_shao_xenograft__vehicle_tunel,shao_tunel,tunel_apoptosis_ratio,"TUNEL apoptosis ratio to control, Vehicle",1.0,ratio to vehicle control,,,apoptosis ratio to control,visual digitization uncertainty (bar-height estimate),,,,,workbook,Figure 4,D,,,PLOT_DIGITIZED,SEMI_QUANTITATIVE,False,,"DATA-QUALITY FLAG: this readout DOES separate 20 vs 40 mg/kg (~2.3x vs ~3.9x control) even though Fig4B tumor volume does not -- the tumor-volume endpoint appears to saturate before the underlying apoptotic response does. Kept as an independent observation, not reconciled with Fig4B."
shao_fig4e_dinaciclib_20_mg_kg_day1,paper_PMID31561409,plc5_shao_xenograft,plc5_shao_xenograft__dinaciclib_20_mg_kg,shao_xenograft_tumor_volume,xenograft_tumor_volume,"Tumor volume, Dinaciclib 20 mg/kg, day 1",250.0,mm3,1.0,d,mean tumor volume,visual digitization uncertainty (curve-position estimate),,,,,workbook,Figure 4,E,,,PLOT_DIGITIZED,SEMI_QUANTITATIVE,False,,"p<0.05 vs vehicle at endpoint (all treatment arms), explicit from text. Dinaciclib and sorafenib produce similar tumor growth inhibition in this model -- a direct potency benchmark against standard-of-care."
shao_fig4e_dinaciclib_20_mg_kg_day10,paper_PMID31561409,plc5_shao_xenograft,plc5_shao_xenograft__dinaciclib_20_mg_kg,shao_xenograft_tumor_volume,xenograft_tumor_volume,"Tumor volume, Dinaciclib 20 mg/kg, day 10",400.0,mm3,10.0,d,mean tumor volume,visual digitization uncertainty (curve-position estimate),,,,,workbook,Figure 4,E,,,PLOT_DIGITIZED,SEMI_QUANTITATIVE,False,,"p<0.05 vs vehicle at endpoint (all treatment arms), explicit from text. Dinaciclib and sorafenib produce similar tumor growth inhibition in this model -- a direct potency benchmark against standard-of-care."
shao_fig4e_dinaciclib_20_mg_kg_day13,paper_PMID31561409,plc5_shao_xenograft,plc5_shao_xenograft__dinaciclib_20_mg_kg,shao_xenograft_tumor_volume,xenograft_tumor_volume,"Tumor volume, Dinaciclib 20 mg/kg, day 13",430.0,mm3,13.0,d,mean tumor volume,visual digitization uncertainty (curve-position estimate),,,,,workbook,Figure 4,E,,,PLOT_DIGITIZED,SEMI_QUANTITATIVE,False,,"p<0.05 vs vehicle at endpoint (all treatment arms), explicit from text. Dinaciclib and sorafenib produce similar tumor growth inhibition in this model -- a direct potency benchmark against standard-of-care."
shao_fig4e_dinaciclib_20_mg_kg_day16,paper_PMID31561409,plc5_shao_xenograft,plc5_shao_xenograft__dinaciclib_20_mg_kg,shao_xenograft_tumor_volume,xenograft_tumor_volume,"Tumor volume, Dinaciclib 20 mg/kg, day 16",460.0,mm3,16.0,d,mean tumor volume,visual digitization uncertainty (curve-position estimate),,,,,workbook,Figure 4,E,,,PLOT_DIGITIZED,SEMI_QUANTITATIVE,False,,"p<0.05 vs vehicle at endpoint (all treatment arms), explicit from text. Dinaciclib and sorafenib produce similar tumor growth inhibition in this model -- a direct potency benchmark against standard-of-care."
shao_fig4e_dinaciclib_20_mg_kg_day20,paper_PMID31561409,plc5_shao_xenograft,plc5_shao_xenograft__dinaciclib_20_mg_kg,shao_xenograft_tumor_volume,xenograft_tumor_volume,"Tumor volume, Dinaciclib 20 mg/kg, day 20",500.0,mm3,20.0,d,mean tumor volume,visual digitization uncertainty (curve-position estimate),,,,,workbook,Figure 4,E,,,PLOT_DIGITIZED,SEMI_QUANTITATIVE,False,,"p<0.05 vs vehicle at endpoint (all treatment arms), explicit from text. Dinaciclib and sorafenib produce similar tumor growth inhibition in this model -- a direct potency benchmark against standard-of-care."
shao_fig4e_dinaciclib_20_mg_kg_day23,paper_PMID31561409,plc5_shao_xenograft,plc5_shao_xenograft__dinaciclib_20_mg_kg,shao_xenograft_tumor_volume,xenograft_tumor_volume,"Tumor volume, Dinaciclib 20 mg/kg, day 23",510.0,mm3,23.0,d,mean tumor volume,visual digitization uncertainty (curve-position estimate),,,,,workbook,Figure 4,E,,,PLOT_DIGITIZED,SEMI_QUANTITATIVE,False,,"p<0.05 vs vehicle at endpoint (all treatment arms), explicit from text. Dinaciclib and sorafenib produce similar tumor growth inhibition in this model -- a direct potency benchmark against standard-of-care."
shao_fig4e_dinaciclib_20_mg_kg_day26,paper_PMID31561409,plc5_shao_xenograft,plc5_shao_xenograft__dinaciclib_20_mg_kg,shao_xenograft_tumor_volume,xenograft_tumor_volume,"Tumor volume, Dinaciclib 20 mg/kg, day 26",500.0,mm3,26.0,d,mean tumor volume,visual digitization uncertainty (curve-position estimate),,,,,workbook,Figure 4,E,,,PLOT_DIGITIZED,SEMI_QUANTITATIVE,False,,"p<0.05 vs vehicle at endpoint (all treatment arms), explicit from text. Dinaciclib and sorafenib produce similar tumor growth inhibition in this model -- a direct potency benchmark against standard-of-care."
shao_fig4e_dinaciclib_20_mg_kg_day3,paper_PMID31561409,plc5_shao_xenograft,plc5_shao_xenograft__dinaciclib_20_mg_kg,shao_xenograft_tumor_volume,xenograft_tumor_volume,"Tumor volume, Dinaciclib 20 mg/kg, day 3",300.0,mm3,3.0,d,mean tumor volume,visual digitization uncertainty (curve-position estimate),,,,,workbook,Figure 4,E,,,PLOT_DIGITIZED,SEMI_QUANTITATIVE,False,,"p<0.05 vs vehicle at endpoint (all treatment arms), explicit from text. Dinaciclib and sorafenib produce similar tumor growth inhibition in this model -- a direct potency benchmark against standard-of-care."
shao_fig4e_dinaciclib_20_mg_kg_day30,paper_PMID31561409,plc5_shao_xenograft,plc5_shao_xenograft__dinaciclib_20_mg_kg,shao_xenograft_tumor_volume,xenograft_tumor_volume,"Tumor volume, Dinaciclib 20 mg/kg, day 30",510.0,mm3,30.0,d,mean tumor volume,visual digitization uncertainty (curve-position estimate),,,,,workbook,Figure 4,E,,,PLOT_DIGITIZED,SEMI_QUANTITATIVE,False,,"p<0.05 vs vehicle at endpoint (all treatment arms), explicit from text. Dinaciclib and sorafenib produce similar tumor growth inhibition in this model -- a direct potency benchmark against standard-of-care."
shao_fig4e_dinaciclib_20_mg_kg_day5,paper_PMID31561409,plc5_shao_xenograft,plc5_shao_xenograft__dinaciclib_20_mg_kg,shao_xenograft_tumor_volume,xenograft_tumor_volume,"Tumor volume, Dinaciclib 20 mg/kg, day 5",330.0,mm3,5.0,d,mean tumor volume,visual digitization uncertainty (curve-position estimate),,,,,workbook,Figure 4,E,,,PLOT_DIGITIZED,SEMI_QUANTITATIVE,False,,"p<0.05 vs vehicle at endpoint (all treatment arms), explicit from text. Dinaciclib and sorafenib produce similar tumor growth inhibition in this model -- a direct potency benchmark against standard-of-care."
shao_fig4e_dinaciclib_20_mg_kg_day7,paper_PMID31561409,plc5_shao_xenograft,plc5_shao_xenograft__dinaciclib_20_mg_kg,shao_xenograft_tumor_volume,xenograft_tumor_volume,"Tumor volume, Dinaciclib 20 mg/kg, day 7",370.0,mm3,7.0,d,mean tumor volume,visual digitization uncertainty (curve-position estimate),,,,,workbook,Figure 4,E,,,PLOT_DIGITIZED,SEMI_QUANTITATIVE,False,,"p<0.05 vs vehicle at endpoint (all treatment arms), explicit from text. Dinaciclib and sorafenib produce similar tumor growth inhibition in this model -- a direct potency benchmark against standard-of-care."
shao_fig4e_dinaciclib_40_mg_kg_day1,paper_PMID31561409,plc5_shao_xenograft,plc5_shao_xenograft__dinaciclib_40_mg_kg,shao_xenograft_tumor_volume,xenograft_tumor_volume,"Tumor volume, Dinaciclib 40 mg/kg, day 1",220.0,mm3,1.0,d,mean tumor volume,visual digitization uncertainty (curve-position estimate),,,,,workbook,Figure 4,E,,,PLOT_DIGITIZED,SEMI_QUANTITATIVE,False,,"p<0.05 vs vehicle at endpoint (all treatment arms), explicit from text. Dinaciclib and sorafenib produce similar tumor growth inhibition in this model -- a direct potency benchmark against standard-of-care."
shao_fig4e_dinaciclib_40_mg_kg_day10,paper_PMID31561409,plc5_shao_xenograft,plc5_shao_xenograft__dinaciclib_40_mg_kg,shao_xenograft_tumor_volume,xenograft_tumor_volume,"Tumor volume, Dinaciclib 40 mg/kg, day 10",330.0,mm3,10.0,d,mean tumor volume,visual digitization uncertainty (curve-position estimate),,,,,workbook,Figure 4,E,,,PLOT_DIGITIZED,SEMI_QUANTITATIVE,False,,"p<0.05 vs vehicle at endpoint (all treatment arms), explicit from text. Dinaciclib and sorafenib produce similar tumor growth inhibition in this model -- a direct potency benchmark against standard-of-care."
shao_fig4e_dinaciclib_40_mg_kg_day13,paper_PMID31561409,plc5_shao_xenograft,plc5_shao_xenograft__dinaciclib_40_mg_kg,shao_xenograft_tumor_volume,xenograft_tumor_volume,"Tumor volume, Dinaciclib 40 mg/kg, day 13",350.0,mm3,13.0,d,mean tumor volume,visual digitization uncertainty (curve-position estimate),,,,,workbook,Figure 4,E,,,PLOT_DIGITIZED,SEMI_QUANTITATIVE,False,,"p<0.05 vs vehicle at endpoint (all treatment arms), explicit from text. Dinaciclib and sorafenib produce similar tumor growth inhibition in this model -- a direct potency benchmark against standard-of-care."
shao_fig4e_dinaciclib_40_mg_kg_day16,paper_PMID31561409,plc5_shao_xenograft,plc5_shao_xenograft__dinaciclib_40_mg_kg,shao_xenograft_tumor_volume,xenograft_tumor_volume,"Tumor volume, Dinaciclib 40 mg/kg, day 16",370.0,mm3,16.0,d,mean tumor volume,visual digitization uncertainty (curve-position estimate),,,,,workbook,Figure 4,E,,,PLOT_DIGITIZED,SEMI_QUANTITATIVE,False,,"p<0.05 vs vehicle at endpoint (all treatment arms), explicit from text. Dinaciclib and sorafenib produce similar tumor growth inhibition in this model -- a direct potency benchmark against standard-of-care."
shao_fig4e_dinaciclib_40_mg_kg_day20,paper_PMID31561409,plc5_shao_xenograft,plc5_shao_xenograft__dinaciclib_40_mg_kg,shao_xenograft_tumor_volume,xenograft_tumor_volume,"Tumor volume, Dinaciclib 40 mg/kg, day 20",400.0,mm3,20.0,d,mean tumor volume,visual digitization uncertainty (curve-position estimate),,,,,workbook,Figure 4,E,,,PLOT_DIGITIZED,SEMI_QUANTITATIVE,False,,"p<0.05 vs vehicle at endpoint (all treatment arms), explicit from text. Dinaciclib and sorafenib produce similar tumor growth inhibition in this model -- a direct potency benchmark against standard-of-care."
shao_fig4e_dinaciclib_40_mg_kg_day23,paper_PMID31561409,plc5_shao_xenograft,plc5_shao_xenograft__dinaciclib_40_mg_kg,shao_xenograft_tumor_volume,xenograft_tumor_volume,"Tumor volume, Dinaciclib 40 mg/kg, day 23",420.0,mm3,23.0,d,mean tumor volume,visual digitization uncertainty (curve-position estimate),,,,,workbook,Figure 4,E,,,PLOT_DIGITIZED,SEMI_QUANTITATIVE,False,,"p<0.05 vs vehicle at endpoint (all treatment arms), explicit from text. Dinaciclib and sorafenib produce similar tumor growth inhibition in this model -- a direct potency benchmark against standard-of-care."
shao_fig4e_dinaciclib_40_mg_kg_day26,paper_PMID31561409,plc5_shao_xenograft,plc5_shao_xenograft__dinaciclib_40_mg_kg,shao_xenograft_tumor_volume,xenograft_tumor_volume,"Tumor volume, Dinaciclib 40 mg/kg, day 26",430.0,mm3,26.0,d,mean tumor volume,visual digitization uncertainty (curve-position estimate),,,,,workbook,Figure 4,E,,,PLOT_DIGITIZED,SEMI_QUANTITATIVE,False,,"p<0.05 vs vehicle at endpoint (all treatment arms), explicit from text. Dinaciclib and sorafenib produce similar tumor growth inhibition in this model -- a direct potency benchmark against standard-of-care."
shao_fig4e_dinaciclib_40_mg_kg_day3,paper_PMID31561409,plc5_shao_xenograft,plc5_shao_xenograft__dinaciclib_40_mg_kg,shao_xenograft_tumor_volume,xenograft_tumor_volume,"Tumor volume, Dinaciclib 40 mg/kg, day 3",280.0,mm3,3.0,d,mean tumor volume,visual digitization uncertainty (curve-position estimate),,,,,workbook,Figure 4,E,,,PLOT_DIGITIZED,SEMI_QUANTITATIVE,False,,"p<0.05 vs vehicle at endpoint (all treatment arms), explicit from text. Dinaciclib and sorafenib produce similar tumor growth inhibition in this model -- a direct potency benchmark against standard-of-care."
shao_fig4e_dinaciclib_40_mg_kg_day30,paper_PMID31561409,plc5_shao_xenograft,plc5_shao_xenograft__dinaciclib_40_mg_kg,shao_xenograft_tumor_volume,xenograft_tumor_volume,"Tumor volume, Dinaciclib 40 mg/kg, day 30",430.0,mm3,30.0,d,mean tumor volume,visual digitization uncertainty (curve-position estimate),,,,,workbook,Figure 4,E,,,PLOT_DIGITIZED,SEMI_QUANTITATIVE,False,,"p<0.05 vs vehicle at endpoint (all treatment arms), explicit from text. Dinaciclib and sorafenib produce similar tumor growth inhibition in this model -- a direct potency benchmark against standard-of-care."
shao_fig4e_dinaciclib_40_mg_kg_day5,paper_PMID31561409,plc5_shao_xenograft,plc5_shao_xenograft__dinaciclib_40_mg_kg,shao_xenograft_tumor_volume,xenograft_tumor_volume,"Tumor volume, Dinaciclib 40 mg/kg, day 5",300.0,mm3,5.0,d,mean tumor volume,visual digitization uncertainty (curve-position estimate),,,,,workbook,Figure 4,E,,,PLOT_DIGITIZED,SEMI_QUANTITATIVE,False,,"p<0.05 vs vehicle at endpoint (all treatment arms), explicit from text. Dinaciclib and sorafenib produce similar tumor growth inhibition in this model -- a direct potency benchmark against standard-of-care."
shao_fig4e_dinaciclib_40_mg_kg_day7,paper_PMID31561409,plc5_shao_xenograft,plc5_shao_xenograft__dinaciclib_40_mg_kg,shao_xenograft_tumor_volume,xenograft_tumor_volume,"Tumor volume, Dinaciclib 40 mg/kg, day 7",320.0,mm3,7.0,d,mean tumor volume,visual digitization uncertainty (curve-position estimate),,,,,workbook,Figure 4,E,,,PLOT_DIGITIZED,SEMI_QUANTITATIVE,False,,"p<0.05 vs vehicle at endpoint (all treatment arms), explicit from text. Dinaciclib and sorafenib produce similar tumor growth inhibition in this model -- a direct potency benchmark against standard-of-care."
shao_fig4e_sorafenib_15_mg_kg_day1,paper_PMID31561409,plc5_shao_xenograft,plc5_shao_xenograft__sorafenib_15_mg_kg,shao_xenograft_tumor_volume,xenograft_tumor_volume,"Tumor volume, Sorafenib 15 mg/kg, day 1",250.0,mm3,1.0,d,mean tumor volume,visual digitization uncertainty (curve-position estimate),,,,,workbook,Figure 4,E,,,PLOT_DIGITIZED,SEMI_QUANTITATIVE,False,,"p<0.05 vs vehicle at endpoint (all treatment arms), explicit from text. Dinaciclib and sorafenib produce similar tumor growth inhibition in this model -- a direct potency benchmark against standard-of-care."
shao_fig4e_sorafenib_15_mg_kg_day10,paper_PMID31561409,plc5_shao_xenograft,plc5_shao_xenograft__sorafenib_15_mg_kg,shao_xenograft_tumor_volume,xenograft_tumor_volume,"Tumor volume, Sorafenib 15 mg/kg, day 10",350.0,mm3,10.0,d,mean tumor volume,visual digitization uncertainty (curve-position estimate),,,,,workbook,Figure 4,E,,,PLOT_DIGITIZED,SEMI_QUANTITATIVE,False,,"p<0.05 vs vehicle at endpoint (all treatment arms), explicit from text. Dinaciclib and sorafenib produce similar tumor growth inhibition in this model -- a direct potency benchmark against standard-of-care."
shao_fig4e_sorafenib_15_mg_kg_day13,paper_PMID31561409,plc5_shao_xenograft,plc5_shao_xenograft__sorafenib_15_mg_kg,shao_xenograft_tumor_volume,xenograft_tumor_volume,"Tumor volume, Sorafenib 15 mg/kg, day 13",380.0,mm3,13.0,d,mean tumor volume,visual digitization uncertainty (curve-position estimate),,,,,workbook,Figure 4,E,,,PLOT_DIGITIZED,SEMI_QUANTITATIVE,False,,"p<0.05 vs vehicle at endpoint (all treatment arms), explicit from text. Dinaciclib and sorafenib produce similar tumor growth inhibition in this model -- a direct potency benchmark against standard-of-care."
shao_fig4e_sorafenib_15_mg_kg_day16,paper_PMID31561409,plc5_shao_xenograft,plc5_shao_xenograft__sorafenib_15_mg_kg,shao_xenograft_tumor_volume,xenograft_tumor_volume,"Tumor volume, Sorafenib 15 mg/kg, day 16",420.0,mm3,16.0,d,mean tumor volume,visual digitization uncertainty (curve-position estimate),,,,,workbook,Figure 4,E,,,PLOT_DIGITIZED,SEMI_QUANTITATIVE,False,,"p<0.05 vs vehicle at endpoint (all treatment arms), explicit from text. Dinaciclib and sorafenib produce similar tumor growth inhibition in this model -- a direct potency benchmark against standard-of-care."
shao_fig4e_sorafenib_15_mg_kg_day20,paper_PMID31561409,plc5_shao_xenograft,plc5_shao_xenograft__sorafenib_15_mg_kg,shao_xenograft_tumor_volume,xenograft_tumor_volume,"Tumor volume, Sorafenib 15 mg/kg, day 20",480.0,mm3,20.0,d,mean tumor volume,visual digitization uncertainty (curve-position estimate),,,,,workbook,Figure 4,E,,,PLOT_DIGITIZED,SEMI_QUANTITATIVE,False,,"p<0.05 vs vehicle at endpoint (all treatment arms), explicit from text. Dinaciclib and sorafenib produce similar tumor growth inhibition in this model -- a direct potency benchmark against standard-of-care."
shao_fig4e_sorafenib_15_mg_kg_day23,paper_PMID31561409,plc5_shao_xenograft,plc5_shao_xenograft__sorafenib_15_mg_kg,shao_xenograft_tumor_volume,xenograft_tumor_volume,"Tumor volume, Sorafenib 15 mg/kg, day 23",520.0,mm3,23.0,d,mean tumor volume,visual digitization uncertainty (curve-position estimate),,,,,workbook,Figure 4,E,,,PLOT_DIGITIZED,SEMI_QUANTITATIVE,False,,"p<0.05 vs vehicle at endpoint (all treatment arms), explicit from text. Dinaciclib and sorafenib produce similar tumor growth inhibition in this model -- a direct potency benchmark against standard-of-care."
shao_fig4e_sorafenib_15_mg_kg_day26,paper_PMID31561409,plc5_shao_xenograft,plc5_shao_xenograft__sorafenib_15_mg_kg,shao_xenograft_tumor_volume,xenograft_tumor_volume,"Tumor volume, Sorafenib 15 mg/kg, day 26",560.0,mm3,26.0,d,mean tumor volume,visual digitization uncertainty (curve-position estimate),,,,,workbook,Figure 4,E,,,PLOT_DIGITIZED,SEMI_QUANTITATIVE,False,,"p<0.05 vs vehicle at endpoint (all treatment arms), explicit from text. Dinaciclib and sorafenib produce similar tumor growth inhibition in this model -- a direct potency benchmark against standard-of-care."
shao_fig4e_sorafenib_15_mg_kg_day3,paper_PMID31561409,plc5_shao_xenograft,plc5_shao_xenograft__sorafenib_15_mg_kg,shao_xenograft_tumor_volume,xenograft_tumor_volume,"Tumor volume, Sorafenib 15 mg/kg, day 3",280.0,mm3,3.0,d,mean tumor volume,visual digitization uncertainty (curve-position estimate),,,,,workbook,Figure 4,E,,,PLOT_DIGITIZED,SEMI_QUANTITATIVE,False,,"p<0.05 vs vehicle at endpoint (all treatment arms), explicit from text. Dinaciclib and sorafenib produce similar tumor growth inhibition in this model -- a direct potency benchmark against standard-of-care."
shao_fig4e_sorafenib_15_mg_kg_day30,paper_PMID31561409,plc5_shao_xenograft,plc5_shao_xenograft__sorafenib_15_mg_kg,shao_xenograft_tumor_volume,xenograft_tumor_volume,"Tumor volume, Sorafenib 15 mg/kg, day 30",600.0,mm3,30.0,d,mean tumor volume,visual digitization uncertainty (curve-position estimate),,,,,workbook,Figure 4,E,,,PLOT_DIGITIZED,SEMI_QUANTITATIVE,False,,"p<0.05 vs vehicle at endpoint (all treatment arms), explicit from text. Dinaciclib and sorafenib produce similar tumor growth inhibition in this model -- a direct potency benchmark against standard-of-care."
shao_fig4e_sorafenib_15_mg_kg_day5,paper_PMID31561409,plc5_shao_xenograft,plc5_shao_xenograft__sorafenib_15_mg_kg,shao_xenograft_tumor_volume,xenograft_tumor_volume,"Tumor volume, Sorafenib 15 mg/kg, day 5",300.0,mm3,5.0,d,mean tumor volume,visual digitization uncertainty (curve-position estimate),,,,,workbook,Figure 4,E,,,PLOT_DIGITIZED,SEMI_QUANTITATIVE,False,,"p<0.05 vs vehicle at endpoint (all treatment arms), explicit from text. Dinaciclib and sorafenib produce similar tumor growth inhibition in this model -- a direct potency benchmark against standard-of-care."
shao_fig4e_sorafenib_15_mg_kg_day7,paper_PMID31561409,plc5_shao_xenograft,plc5_shao_xenograft__sorafenib_15_mg_kg,shao_xenograft_tumor_volume,xenograft_tumor_volume,"Tumor volume, Sorafenib 15 mg/kg, day 7",330.0,mm3,7.0,d,mean tumor volume,visual digitization uncertainty (curve-position estimate),,,,,workbook,Figure 4,E,,,PLOT_DIGITIZED,SEMI_QUANTITATIVE,False,,"p<0.05 vs vehicle at endpoint (all treatment arms), explicit from text. Dinaciclib and sorafenib produce similar tumor growth inhibition in this model -- a direct potency benchmark against standard-of-care."
shao_fig4e_vehicle_day1,paper_PMID31561409,plc5_shao_xenograft,plc5_shao_xenograft__vehicle,shao_xenograft_tumor_volume,xenograft_tumor_volume,"Tumor volume, Vehicle, day 1",250.0,mm3,1.0,d,mean tumor volume,visual digitization uncertainty (curve-position estimate),,,,,workbook,Figure 4,E,,,PLOT_DIGITIZED,SEMI_QUANTITATIVE,False,,"p<0.05 vs vehicle at endpoint (all treatment arms), explicit from text. Dinaciclib and sorafenib produce similar tumor growth inhibition in this model -- a direct potency benchmark against standard-of-care."
shao_fig4e_vehicle_day10,paper_PMID31561409,plc5_shao_xenograft,plc5_shao_xenograft__vehicle,shao_xenograft_tumor_volume,xenograft_tumor_volume,"Tumor volume, Vehicle, day 10",750.0,mm3,10.0,d,mean tumor volume,visual digitization uncertainty (curve-position estimate),,,,,workbook,Figure 4,E,,,PLOT_DIGITIZED,SEMI_QUANTITATIVE,False,,"p<0.05 vs vehicle at endpoint (all treatment arms), explicit from text. Dinaciclib and sorafenib produce similar tumor growth inhibition in this model -- a direct potency benchmark against standard-of-care."
shao_fig4e_vehicle_day13,paper_PMID31561409,plc5_shao_xenograft,plc5_shao_xenograft__vehicle,shao_xenograft_tumor_volume,xenograft_tumor_volume,"Tumor volume, Vehicle, day 13",850.0,mm3,13.0,d,mean tumor volume,visual digitization uncertainty (curve-position estimate),,,,,workbook,Figure 4,E,,,PLOT_DIGITIZED,SEMI_QUANTITATIVE,False,,"p<0.05 vs vehicle at endpoint (all treatment arms), explicit from text. Dinaciclib and sorafenib produce similar tumor growth inhibition in this model -- a direct potency benchmark against standard-of-care."
shao_fig4e_vehicle_day16,paper_PMID31561409,plc5_shao_xenograft,plc5_shao_xenograft__vehicle,shao_xenograft_tumor_volume,xenograft_tumor_volume,"Tumor volume, Vehicle, day 16",950.0,mm3,16.0,d,mean tumor volume,visual digitization uncertainty (curve-position estimate),,,,,workbook,Figure 4,E,,,PLOT_DIGITIZED,SEMI_QUANTITATIVE,False,,"p<0.05 vs vehicle at endpoint (all treatment arms), explicit from text. Dinaciclib and sorafenib produce similar tumor growth inhibition in this model -- a direct potency benchmark against standard-of-care."
shao_fig4e_vehicle_day20,paper_PMID31561409,plc5_shao_xenograft,plc5_shao_xenograft__vehicle,shao_xenograft_tumor_volume,xenograft_tumor_volume,"Tumor volume, Vehicle, day 20",1000.0,mm3,20.0,d,mean tumor volume,visual digitization uncertainty (curve-position estimate),,,,,workbook,Figure 4,E,,,PLOT_DIGITIZED,SEMI_QUANTITATIVE,False,,"p<0.05 vs vehicle at endpoint (all treatment arms), explicit from text. Dinaciclib and sorafenib produce similar tumor growth inhibition in this model -- a direct potency benchmark against standard-of-care."
shao_fig4e_vehicle_day23,paper_PMID31561409,plc5_shao_xenograft,plc5_shao_xenograft__vehicle,shao_xenograft_tumor_volume,xenograft_tumor_volume,"Tumor volume, Vehicle, day 23",1030.0,mm3,23.0,d,mean tumor volume,visual digitization uncertainty (curve-position estimate),,,,,workbook,Figure 4,E,,,PLOT_DIGITIZED,SEMI_QUANTITATIVE,False,,"p<0.05 vs vehicle at endpoint (all treatment arms), explicit from text. Dinaciclib and sorafenib produce similar tumor growth inhibition in this model -- a direct potency benchmark against standard-of-care."
shao_fig4e_vehicle_day26,paper_PMID31561409,plc5_shao_xenograft,plc5_shao_xenograft__vehicle,shao_xenograft_tumor_volume,xenograft_tumor_volume,"Tumor volume, Vehicle, day 26",1050.0,mm3,26.0,d,mean tumor volume,visual digitization uncertainty (curve-position estimate),,,,,workbook,Figure 4,E,,,PLOT_DIGITIZED,SEMI_QUANTITATIVE,False,,"p<0.05 vs vehicle at endpoint (all treatment arms), explicit from text. Dinaciclib and sorafenib produce similar tumor growth inhibition in this model -- a direct potency benchmark against standard-of-care."
shao_fig4e_vehicle_day3,paper_PMID31561409,plc5_shao_xenograft,plc5_shao_xenograft__vehicle,shao_xenograft_tumor_volume,xenograft_tumor_volume,"Tumor volume, Vehicle, day 3",350.0,mm3,3.0,d,mean tumor volume,visual digitization uncertainty (curve-position estimate),,,,,workbook,Figure 4,E,,,PLOT_DIGITIZED,SEMI_QUANTITATIVE,False,,"p<0.05 vs vehicle at endpoint (all treatment arms), explicit from text. Dinaciclib and sorafenib produce similar tumor growth inhibition in this model -- a direct potency benchmark against standard-of-care."
shao_fig4e_vehicle_day30,paper_PMID31561409,plc5_shao_xenograft,plc5_shao_xenograft__vehicle,shao_xenograft_tumor_volume,xenograft_tumor_volume,"Tumor volume, Vehicle, day 30",1100.0,mm3,30.0,d,mean tumor volume,visual digitization uncertainty (curve-position estimate),,,,,workbook,Figure 4,E,,,PLOT_DIGITIZED,SEMI_QUANTITATIVE,False,,"p<0.05 vs vehicle at endpoint (all treatment arms), explicit from text. Dinaciclib and sorafenib produce similar tumor growth inhibition in this model -- a direct potency benchmark against standard-of-care."
shao_fig4e_vehicle_day5,paper_PMID31561409,plc5_shao_xenograft,plc5_shao_xenograft__vehicle,shao_xenograft_tumor_volume,xenograft_tumor_volume,"Tumor volume, Vehicle, day 5",500.0,mm3,5.0,d,mean tumor volume,visual digitization uncertainty (curve-position estimate),,,,,workbook,Figure 4,E,,,PLOT_DIGITIZED,SEMI_QUANTITATIVE,False,,"p<0.05 vs vehicle at endpoint (all treatment arms), explicit from text. Dinaciclib and sorafenib produce similar tumor growth inhibition in this model -- a direct potency benchmark against standard-of-care."
shao_fig4e_vehicle_day7,paper_PMID31561409,plc5_shao_xenograft,plc5_shao_xenograft__vehicle,shao_xenograft_tumor_volume,xenograft_tumor_volume,"Tumor volume, Vehicle, day 7",700.0,mm3,7.0,d,mean tumor volume,visual digitization uncertainty (curve-position estimate),,,,,workbook,Figure 4,E,,,PLOT_DIGITIZED,SEMI_QUANTITATIVE,False,,"p<0.05 vs vehicle at endpoint (all treatment arms), explicit from text. Dinaciclib and sorafenib produce similar tumor growth inhibition in this model -- a direct potency benchmark against standard-of-care."
shao_fig5a_cdk1_sicdk1,paper_PMID31561409,huh7_shao_sirna_hcc,huh7_shao_sirna_hcc__sicdk1,shao_sirna_wb,densitometry_cdk1,"CDK1, siCDK1, 72h post-siRNA",0.6,relative densitometry,72.0,h,densitometry ratio,,,,,,annotation_workbook,Figure 5,A,,,DIRECT_SOURCE,QUANTITATIVE,False,,CDK1/CDK2/CDK5 knockdown-efficiency rows are internally distinct and considered reliable.
shao_fig5a_cdk1_sicdk1_2_5_9,paper_PMID31561409,huh7_shao_sirna_hcc,huh7_shao_sirna_hcc__sicdk1_2_5_9,shao_sirna_wb,densitometry_cdk1,"CDK1, siCDK1+2+5+9, 72h post-siRNA",1.51,relative densitometry,72.0,h,densitometry ratio,,,,,,annotation_workbook,Figure 5,A,,,DIRECT_SOURCE,QUANTITATIVE,False,,CDK1/CDK2/CDK5 knockdown-efficiency rows are internally distinct and considered reliable.
shao_fig5a_cdk1_sicdk2,paper_PMID31561409,huh7_shao_sirna_hcc,huh7_shao_sirna_hcc__sicdk2,shao_sirna_wb,densitometry_cdk1,"CDK1, siCDK2, 72h post-siRNA",2.14,relative densitometry,72.0,h,densitometry ratio,,,,,,annotation_workbook,Figure 5,A,,,DIRECT_SOURCE,QUANTITATIVE,False,,CDK1/CDK2/CDK5 knockdown-efficiency rows are internally distinct and considered reliable.
shao_fig5a_cdk1_sicdk5,paper_PMID31561409,huh7_shao_sirna_hcc,huh7_shao_sirna_hcc__sicdk5,shao_sirna_wb,densitometry_cdk1,"CDK1, siCDK5, 72h post-siRNA",2.13,relative densitometry,72.0,h,densitometry ratio,,,,,,annotation_workbook,Figure 5,A,,,DIRECT_SOURCE,QUANTITATIVE,False,,CDK1/CDK2/CDK5 knockdown-efficiency rows are internally distinct and considered reliable.
shao_fig5a_cdk1_sicdk9,paper_PMID31561409,huh7_shao_sirna_hcc,huh7_shao_sirna_hcc__sicdk9,shao_sirna_wb,densitometry_cdk1,"CDK1, siCDK9, 72h post-siRNA",2.43,relative densitometry,72.0,h,densitometry ratio,,,,,,annotation_workbook,Figure 5,A,,,DIRECT_SOURCE,QUANTITATIVE,False,,CDK1/CDK2/CDK5 knockdown-efficiency rows are internally distinct and considered reliable.
shao_fig5a_cdk1_sint,paper_PMID31561409,huh7_shao_sirna_hcc,huh7_shao_sirna_hcc__sint,shao_sirna_wb,densitometry_cdk1,"CDK1, siNT, 72h post-siRNA",2.71,relative densitometry,72.0,h,densitometry ratio,,,,,,annotation_workbook,Figure 5,A,,,DIRECT_SOURCE,QUANTITATIVE,False,,CDK1/CDK2/CDK5 knockdown-efficiency rows are internally distinct and considered reliable.
shao_fig5a_cdk2_sicdk1,paper_PMID31561409,huh7_shao_sirna_hcc,huh7_shao_sirna_hcc__sicdk1,shao_sirna_wb,densitometry_cdk2,"CDK2, siCDK1, 72h post-siRNA",2.49,relative densitometry,72.0,h,densitometry ratio,,,,,,annotation_workbook,Figure 5,A,,,DIRECT_SOURCE,QUANTITATIVE,False,,CDK1/CDK2/CDK5 knockdown-efficiency rows are internally distinct and considered reliable.
shao_fig5a_cdk2_sicdk1_2_5_9,paper_PMID31561409,huh7_shao_sirna_hcc,huh7_shao_sirna_hcc__sicdk1_2_5_9,shao_sirna_wb,densitometry_cdk2,"CDK2, siCDK1+2+5+9, 72h post-siRNA",0.45,relative densitometry,72.0,h,densitometry ratio,,,,,,annotation_workbook,Figure 5,A,,,DIRECT_SOURCE,QUANTITATIVE,False,,CDK1/CDK2/CDK5 knockdown-efficiency rows are internally distinct and considered reliable.
shao_fig5a_cdk2_sicdk2,paper_PMID31561409,huh7_shao_sirna_hcc,huh7_shao_sirna_hcc__sicdk2,shao_sirna_wb,densitometry_cdk2,"CDK2, siCDK2, 72h post-siRNA",0.58,relative densitometry,72.0,h,densitometry ratio,,,,,,annotation_workbook,Figure 5,A,,,DIRECT_SOURCE,QUANTITATIVE,False,,CDK1/CDK2/CDK5 knockdown-efficiency rows are internally distinct and considered reliable.
shao_fig5a_cdk2_sicdk5,paper_PMID31561409,huh7_shao_sirna_hcc,huh7_shao_sirna_hcc__sicdk5,shao_sirna_wb,densitometry_cdk2,"CDK2, siCDK5, 72h post-siRNA",1.78,relative densitometry,72.0,h,densitometry ratio,,,,,,annotation_workbook,Figure 5,A,,,DIRECT_SOURCE,QUANTITATIVE,False,,CDK1/CDK2/CDK5 knockdown-efficiency rows are internally distinct and considered reliable.
shao_fig5a_cdk2_sicdk9,paper_PMID31561409,huh7_shao_sirna_hcc,huh7_shao_sirna_hcc__sicdk9,shao_sirna_wb,densitometry_cdk2,"CDK2, siCDK9, 72h post-siRNA",2.14,relative densitometry,72.0,h,densitometry ratio,,,,,,annotation_workbook,Figure 5,A,,,DIRECT_SOURCE,QUANTITATIVE,False,,CDK1/CDK2/CDK5 knockdown-efficiency rows are internally distinct and considered reliable.
shao_fig5a_cdk2_sint,paper_PMID31561409,huh7_shao_sirna_hcc,huh7_shao_sirna_hcc__sint,shao_sirna_wb,densitometry_cdk2,"CDK2, siNT, 72h post-siRNA",2.52,relative densitometry,72.0,h,densitometry ratio,,,,,,annotation_workbook,Figure 5,A,,,DIRECT_SOURCE,QUANTITATIVE,False,,CDK1/CDK2/CDK5 knockdown-efficiency rows are internally distinct and considered reliable.
shao_fig5a_cdk5_sicdk1,paper_PMID31561409,huh7_shao_sirna_hcc,huh7_shao_sirna_hcc__sicdk1,shao_sirna_wb,densitometry_cdk5,"CDK5, siCDK1, 72h post-siRNA",0.42,relative densitometry,72.0,h,densitometry ratio,,,,,,annotation_workbook,Figure 5,A,,,DIRECT_SOURCE,QUANTITATIVE,False,,CDK1/CDK2/CDK5 knockdown-efficiency rows are internally distinct and considered reliable.
shao_fig5a_cdk5_sicdk1_2_5_9,paper_PMID31561409,huh7_shao_sirna_hcc,huh7_shao_sirna_hcc__sicdk1_2_5_9,shao_sirna_wb,densitometry_cdk5,"CDK5, siCDK1+2+5+9, 72h post-siRNA",0.15,relative densitometry,72.0,h,densitometry ratio,,,,,,annotation_workbook,Figure 5,A,,,DIRECT_SOURCE,QUANTITATIVE,False,,CDK1/CDK2/CDK5 knockdown-efficiency rows are internally distinct and considered reliable.
shao_fig5a_cdk5_sicdk2,paper_PMID31561409,huh7_shao_sirna_hcc,huh7_shao_sirna_hcc__sicdk2,shao_sirna_wb,densitometry_cdk5,"CDK5, siCDK2, 72h post-siRNA",0.49,relative densitometry,72.0,h,densitometry ratio,,,,,,annotation_workbook,Figure 5,A,,,DIRECT_SOURCE,QUANTITATIVE,False,,CDK1/CDK2/CDK5 knockdown-efficiency rows are internally distinct and considered reliable.
shao_fig5a_cdk5_sicdk5,paper_PMID31561409,huh7_shao_sirna_hcc,huh7_shao_sirna_hcc__sicdk5,shao_sirna_wb,densitometry_cdk5,"CDK5, siCDK5, 72h post-siRNA",0.09,relative densitometry,72.0,h,densitometry ratio,,,,,,annotation_workbook,Figure 5,A,,,DIRECT_SOURCE,QUANTITATIVE,False,,CDK1/CDK2/CDK5 knockdown-efficiency rows are internally distinct and considered reliable.
shao_fig5a_cdk5_sicdk9,paper_PMID31561409,huh7_shao_sirna_hcc,huh7_shao_sirna_hcc__sicdk9,shao_sirna_wb,densitometry_cdk5,"CDK5, siCDK9, 72h post-siRNA",0.46,relative densitometry,72.0,h,densitometry ratio,,,,,,annotation_workbook,Figure 5,A,,,DIRECT_SOURCE,QUANTITATIVE,False,,CDK1/CDK2/CDK5 knockdown-efficiency rows are internally distinct and considered reliable.
shao_fig5a_cdk5_sint,paper_PMID31561409,huh7_shao_sirna_hcc,huh7_shao_sirna_hcc__sint,shao_sirna_wb,densitometry_cdk5,"CDK5, siNT, 72h post-siRNA",0.43,relative densitometry,72.0,h,densitometry ratio,,,,,,annotation_workbook,Figure 5,A,,,DIRECT_SOURCE,QUANTITATIVE,False,,CDK1/CDK2/CDK5 knockdown-efficiency rows are internally distinct and considered reliable.
shao_fig5a_cdk9_sicdk1,paper_PMID31561409,huh7_shao_sirna_hcc,huh7_shao_sirna_hcc__sicdk1,shao_sirna_wb,densitometry_cdk9,"CDK9, siCDK1, 72h post-siRNA",1.89,relative densitometry,72.0,h,densitometry ratio,,,,,,annotation_workbook,Figure 5,A,,,DIRECT_SOURCE,NOT_MODEL_READY,False,,"DATA-QUALITY FLAG: this six-number row (1.78/1.89/1.71/1.38/0.65/1.45) is printed identically under FOUR different blots (CDK9, p-Rb, p-ATM, p-RNPII) in the source figure -- verified by re-reading the source at 400 DPI three times, not a transcription error on our end. Biologically these are four unrelated measurements and would not be expected to match to 2 decimal places by chance. Reads as a copy-paste/figure-assembly error in the original publication. Not used as an independent quantitative input; rely on the separate Fig5D-E colony-formation data instead for the CDK-dominance conclusion."
shao_fig5a_cdk9_sicdk1_2_5_9,paper_PMID31561409,huh7_shao_sirna_hcc,huh7_shao_sirna_hcc__sicdk1_2_5_9,shao_sirna_wb,densitometry_cdk9,"CDK9, siCDK1+2+5+9, 72h post-siRNA",1.45,relative densitometry,72.0,h,densitometry ratio,,,,,,annotation_workbook,Figure 5,A,,,DIRECT_SOURCE,NOT_MODEL_READY,False,,"DATA-QUALITY FLAG: this six-number row (1.78/1.89/1.71/1.38/0.65/1.45) is printed identically under FOUR different blots (CDK9, p-Rb, p-ATM, p-RNPII) in the source figure -- verified by re-reading the source at 400 DPI three times, not a transcription error on our end. Biologically these are four unrelated measurements and would not be expected to match to 2 decimal places by chance. Reads as a copy-paste/figure-assembly error in the original publication. Not used as an independent quantitative input; rely on the separate Fig5D-E colony-formation data instead for the CDK-dominance conclusion."
shao_fig5a_cdk9_sicdk2,paper_PMID31561409,huh7_shao_sirna_hcc,huh7_shao_sirna_hcc__sicdk2,shao_sirna_wb,densitometry_cdk9,"CDK9, siCDK2, 72h post-siRNA",1.71,relative densitometry,72.0,h,densitometry ratio,,,,,,annotation_workbook,Figure 5,A,,,DIRECT_SOURCE,NOT_MODEL_READY,False,,"DATA-QUALITY FLAG: this six-number row (1.78/1.89/1.71/1.38/0.65/1.45) is printed identically under FOUR different blots (CDK9, p-Rb, p-ATM, p-RNPII) in the source figure -- verified by re-reading the source at 400 DPI three times, not a transcription error on our end. Biologically these are four unrelated measurements and would not be expected to match to 2 decimal places by chance. Reads as a copy-paste/figure-assembly error in the original publication. Not used as an independent quantitative input; rely on the separate Fig5D-E colony-formation data instead for the CDK-dominance conclusion."
shao_fig5a_cdk9_sicdk5,paper_PMID31561409,huh7_shao_sirna_hcc,huh7_shao_sirna_hcc__sicdk5,shao_sirna_wb,densitometry_cdk9,"CDK9, siCDK5, 72h post-siRNA",1.38,relative densitometry,72.0,h,densitometry ratio,,,,,,annotation_workbook,Figure 5,A,,,DIRECT_SOURCE,NOT_MODEL_READY,False,,"DATA-QUALITY FLAG: this six-number row (1.78/1.89/1.71/1.38/0.65/1.45) is printed identically under FOUR different blots (CDK9, p-Rb, p-ATM, p-RNPII) in the source figure -- verified by re-reading the source at 400 DPI three times, not a transcription error on our end. Biologically these are four unrelated measurements and would not be expected to match to 2 decimal places by chance. Reads as a copy-paste/figure-assembly error in the original publication. Not used as an independent quantitative input; rely on the separate Fig5D-E colony-formation data instead for the CDK-dominance conclusion."
shao_fig5a_cdk9_sicdk9,paper_PMID31561409,huh7_shao_sirna_hcc,huh7_shao_sirna_hcc__sicdk9,shao_sirna_wb,densitometry_cdk9,"CDK9, siCDK9, 72h post-siRNA",0.65,relative densitometry,72.0,h,densitometry ratio,,,,,,annotation_workbook,Figure 5,A,,,DIRECT_SOURCE,NOT_MODEL_READY,False,,"DATA-QUALITY FLAG: this six-number row (1.78/1.89/1.71/1.38/0.65/1.45) is printed identically under FOUR different blots (CDK9, p-Rb, p-ATM, p-RNPII) in the source figure -- verified by re-reading the source at 400 DPI three times, not a transcription error on our end. Biologically these are four unrelated measurements and would not be expected to match to 2 decimal places by chance. Reads as a copy-paste/figure-assembly error in the original publication. Not used as an independent quantitative input; rely on the separate Fig5D-E colony-formation data instead for the CDK-dominance conclusion."
shao_fig5a_cdk9_sint,paper_PMID31561409,huh7_shao_sirna_hcc,huh7_shao_sirna_hcc__sint,shao_sirna_wb,densitometry_cdk9,"CDK9, siNT, 72h post-siRNA",1.78,relative densitometry,72.0,h,densitometry ratio,,,,,,annotation_workbook,Figure 5,A,,,DIRECT_SOURCE,NOT_MODEL_READY,False,,"DATA-QUALITY FLAG: this six-number row (1.78/1.89/1.71/1.38/0.65/1.45) is printed identically under FOUR different blots (CDK9, p-Rb, p-ATM, p-RNPII) in the source figure -- verified by re-reading the source at 400 DPI three times, not a transcription error on our end. Biologically these are four unrelated measurements and would not be expected to match to 2 decimal places by chance. Reads as a copy-paste/figure-assembly error in the original publication. Not used as an independent quantitative input; rely on the separate Fig5D-E colony-formation data instead for the CDK-dominance conclusion."
shao_fig5a_p_atm_s1981_sicdk1,paper_PMID31561409,huh7_shao_sirna_hcc,huh7_shao_sirna_hcc__sicdk1,shao_sirna_wb,densitometry_p_atm_s1981,"p-ATM (S1981), siCDK1, 72h post-siRNA",1.89,relative densitometry,72.0,h,densitometry ratio,,,,,,annotation_workbook,Figure 5,A,,,DIRECT_SOURCE,NOT_MODEL_READY,False,,"DATA-QUALITY FLAG: this six-number row (1.78/1.89/1.71/1.38/0.65/1.45) is printed identically under FOUR different blots (CDK9, p-Rb, p-ATM, p-RNPII) in the source figure -- verified by re-reading the source at 400 DPI three times, not a transcription error on our end. Biologically these are four unrelated measurements and would not be expected to match to 2 decimal places by chance. Reads as a copy-paste/figure-assembly error in the original publication. Not used as an independent quantitative input; rely on the separate Fig5D-E colony-formation data instead for the CDK-dominance conclusion."
shao_fig5a_p_atm_s1981_sicdk1_2_5_9,paper_PMID31561409,huh7_shao_sirna_hcc,huh7_shao_sirna_hcc__sicdk1_2_5_9,shao_sirna_wb,densitometry_p_atm_s1981,"p-ATM (S1981), siCDK1+2+5+9, 72h post-siRNA",1.45,relative densitometry,72.0,h,densitometry ratio,,,,,,annotation_workbook,Figure 5,A,,,DIRECT_SOURCE,NOT_MODEL_READY,False,,"DATA-QUALITY FLAG: this six-number row (1.78/1.89/1.71/1.38/0.65/1.45) is printed identically under FOUR different blots (CDK9, p-Rb, p-ATM, p-RNPII) in the source figure -- verified by re-reading the source at 400 DPI three times, not a transcription error on our end. Biologically these are four unrelated measurements and would not be expected to match to 2 decimal places by chance. Reads as a copy-paste/figure-assembly error in the original publication. Not used as an independent quantitative input; rely on the separate Fig5D-E colony-formation data instead for the CDK-dominance conclusion."
shao_fig5a_p_atm_s1981_sicdk2,paper_PMID31561409,huh7_shao_sirna_hcc,huh7_shao_sirna_hcc__sicdk2,shao_sirna_wb,densitometry_p_atm_s1981,"p-ATM (S1981), siCDK2, 72h post-siRNA",1.71,relative densitometry,72.0,h,densitometry ratio,,,,,,annotation_workbook,Figure 5,A,,,DIRECT_SOURCE,NOT_MODEL_READY,False,,"DATA-QUALITY FLAG: this six-number row (1.78/1.89/1.71/1.38/0.65/1.45) is printed identically under FOUR different blots (CDK9, p-Rb, p-ATM, p-RNPII) in the source figure -- verified by re-reading the source at 400 DPI three times, not a transcription error on our end. Biologically these are four unrelated measurements and would not be expected to match to 2 decimal places by chance. Reads as a copy-paste/figure-assembly error in the original publication. Not used as an independent quantitative input; rely on the separate Fig5D-E colony-formation data instead for the CDK-dominance conclusion."
shao_fig5a_p_atm_s1981_sicdk5,paper_PMID31561409,huh7_shao_sirna_hcc,huh7_shao_sirna_hcc__sicdk5,shao_sirna_wb,densitometry_p_atm_s1981,"p-ATM (S1981), siCDK5, 72h post-siRNA",1.38,relative densitometry,72.0,h,densitometry ratio,,,,,,annotation_workbook,Figure 5,A,,,DIRECT_SOURCE,NOT_MODEL_READY,False,,"DATA-QUALITY FLAG: this six-number row (1.78/1.89/1.71/1.38/0.65/1.45) is printed identically under FOUR different blots (CDK9, p-Rb, p-ATM, p-RNPII) in the source figure -- verified by re-reading the source at 400 DPI three times, not a transcription error on our end. Biologically these are four unrelated measurements and would not be expected to match to 2 decimal places by chance. Reads as a copy-paste/figure-assembly error in the original publication. Not used as an independent quantitative input; rely on the separate Fig5D-E colony-formation data instead for the CDK-dominance conclusion."
shao_fig5a_p_atm_s1981_sicdk9,paper_PMID31561409,huh7_shao_sirna_hcc,huh7_shao_sirna_hcc__sicdk9,shao_sirna_wb,densitometry_p_atm_s1981,"p-ATM (S1981), siCDK9, 72h post-siRNA",0.65,relative densitometry,72.0,h,densitometry ratio,,,,,,annotation_workbook,Figure 5,A,,,DIRECT_SOURCE,NOT_MODEL_READY,False,,"DATA-QUALITY FLAG: this six-number row (1.78/1.89/1.71/1.38/0.65/1.45) is printed identically under FOUR different blots (CDK9, p-Rb, p-ATM, p-RNPII) in the source figure -- verified by re-reading the source at 400 DPI three times, not a transcription error on our end. Biologically these are four unrelated measurements and would not be expected to match to 2 decimal places by chance. Reads as a copy-paste/figure-assembly error in the original publication. Not used as an independent quantitative input; rely on the separate Fig5D-E colony-formation data instead for the CDK-dominance conclusion."
shao_fig5a_p_atm_s1981_sint,paper_PMID31561409,huh7_shao_sirna_hcc,huh7_shao_sirna_hcc__sint,shao_sirna_wb,densitometry_p_atm_s1981,"p-ATM (S1981), siNT, 72h post-siRNA",1.78,relative densitometry,72.0,h,densitometry ratio,,,,,,annotation_workbook,Figure 5,A,,,DIRECT_SOURCE,NOT_MODEL_READY,False,,"DATA-QUALITY FLAG: this six-number row (1.78/1.89/1.71/1.38/0.65/1.45) is printed identically under FOUR different blots (CDK9, p-Rb, p-ATM, p-RNPII) in the source figure -- verified by re-reading the source at 400 DPI three times, not a transcription error on our end. Biologically these are four unrelated measurements and would not be expected to match to 2 decimal places by chance. Reads as a copy-paste/figure-assembly error in the original publication. Not used as an independent quantitative input; rely on the separate Fig5D-E colony-formation data instead for the CDK-dominance conclusion."
shao_fig5a_p_rb_s807_t811_sicdk1,paper_PMID31561409,huh7_shao_sirna_hcc,huh7_shao_sirna_hcc__sicdk1,shao_sirna_wb,densitometry_p_rb_s807_t811,"p-Rb (S807/T811), siCDK1, 72h post-siRNA",1.89,relative densitometry,72.0,h,densitometry ratio,,,,,,annotation_workbook,Figure 5,A,,,DIRECT_SOURCE,NOT_MODEL_READY,False,,"DATA-QUALITY FLAG: this six-number row (1.78/1.89/1.71/1.38/0.65/1.45) is printed identically under FOUR different blots (CDK9, p-Rb, p-ATM, p-RNPII) in the source figure -- verified by re-reading the source at 400 DPI three times, not a transcription error on our end. Biologically these are four unrelated measurements and would not be expected to match to 2 decimal places by chance. Reads as a copy-paste/figure-assembly error in the original publication. Not used as an independent quantitative input; rely on the separate Fig5D-E colony-formation data instead for the CDK-dominance conclusion."
shao_fig5a_p_rb_s807_t811_sicdk1_2_5_9,paper_PMID31561409,huh7_shao_sirna_hcc,huh7_shao_sirna_hcc__sicdk1_2_5_9,shao_sirna_wb,densitometry_p_rb_s807_t811,"p-Rb (S807/T811), siCDK1+2+5+9, 72h post-siRNA",1.45,relative densitometry,72.0,h,densitometry ratio,,,,,,annotation_workbook,Figure 5,A,,,DIRECT_SOURCE,NOT_MODEL_READY,False,,"DATA-QUALITY FLAG: this six-number row (1.78/1.89/1.71/1.38/0.65/1.45) is printed identically under FOUR different blots (CDK9, p-Rb, p-ATM, p-RNPII) in the source figure -- verified by re-reading the source at 400 DPI three times, not a transcription error on our end. Biologically these are four unrelated measurements and would not be expected to match to 2 decimal places by chance. Reads as a copy-paste/figure-assembly error in the original publication. Not used as an independent quantitative input; rely on the separate Fig5D-E colony-formation data instead for the CDK-dominance conclusion."
shao_fig5a_p_rb_s807_t811_sicdk2,paper_PMID31561409,huh7_shao_sirna_hcc,huh7_shao_sirna_hcc__sicdk2,shao_sirna_wb,densitometry_p_rb_s807_t811,"p-Rb (S807/T811), siCDK2, 72h post-siRNA",1.71,relative densitometry,72.0,h,densitometry ratio,,,,,,annotation_workbook,Figure 5,A,,,DIRECT_SOURCE,NOT_MODEL_READY,False,,"DATA-QUALITY FLAG: this six-number row (1.78/1.89/1.71/1.38/0.65/1.45) is printed identically under FOUR different blots (CDK9, p-Rb, p-ATM, p-RNPII) in the source figure -- verified by re-reading the source at 400 DPI three times, not a transcription error on our end. Biologically these are four unrelated measurements and would not be expected to match to 2 decimal places by chance. Reads as a copy-paste/figure-assembly error in the original publication. Not used as an independent quantitative input; rely on the separate Fig5D-E colony-formation data instead for the CDK-dominance conclusion."
shao_fig5a_p_rb_s807_t811_sicdk5,paper_PMID31561409,huh7_shao_sirna_hcc,huh7_shao_sirna_hcc__sicdk5,shao_sirna_wb,densitometry_p_rb_s807_t811,"p-Rb (S807/T811), siCDK5, 72h post-siRNA",1.38,relative densitometry,72.0,h,densitometry ratio,,,,,,annotation_workbook,Figure 5,A,,,DIRECT_SOURCE,NOT_MODEL_READY,False,,"DATA-QUALITY FLAG: this six-number row (1.78/1.89/1.71/1.38/0.65/1.45) is printed identically under FOUR different blots (CDK9, p-Rb, p-ATM, p-RNPII) in the source figure -- verified by re-reading the source at 400 DPI three times, not a transcription error on our end. Biologically these are four unrelated measurements and would not be expected to match to 2 decimal places by chance. Reads as a copy-paste/figure-assembly error in the original publication. Not used as an independent quantitative input; rely on the separate Fig5D-E colony-formation data instead for the CDK-dominance conclusion."
shao_fig5a_p_rb_s807_t811_sicdk9,paper_PMID31561409,huh7_shao_sirna_hcc,huh7_shao_sirna_hcc__sicdk9,shao_sirna_wb,densitometry_p_rb_s807_t811,"p-Rb (S807/T811), siCDK9, 72h post-siRNA",0.65,relative densitometry,72.0,h,densitometry ratio,,,,,,annotation_workbook,Figure 5,A,,,DIRECT_SOURCE,NOT_MODEL_READY,False,,"DATA-QUALITY FLAG: this six-number row (1.78/1.89/1.71/1.38/0.65/1.45) is printed identically under FOUR different blots (CDK9, p-Rb, p-ATM, p-RNPII) in the source figure -- verified by re-reading the source at 400 DPI three times, not a transcription error on our end. Biologically these are four unrelated measurements and would not be expected to match to 2 decimal places by chance. Reads as a copy-paste/figure-assembly error in the original publication. Not used as an independent quantitative input; rely on the separate Fig5D-E colony-formation data instead for the CDK-dominance conclusion."
shao_fig5a_p_rb_s807_t811_sint,paper_PMID31561409,huh7_shao_sirna_hcc,huh7_shao_sirna_hcc__sint,shao_sirna_wb,densitometry_p_rb_s807_t811,"p-Rb (S807/T811), siNT, 72h post-siRNA",1.78,relative densitometry,72.0,h,densitometry ratio,,,,,,annotation_workbook,Figure 5,A,,,DIRECT_SOURCE,NOT_MODEL_READY,False,,"DATA-QUALITY FLAG: this six-number row (1.78/1.89/1.71/1.38/0.65/1.45) is printed identically under FOUR different blots (CDK9, p-Rb, p-ATM, p-RNPII) in the source figure -- verified by re-reading the source at 400 DPI three times, not a transcription error on our end. Biologically these are four unrelated measurements and would not be expected to match to 2 decimal places by chance. Reads as a copy-paste/figure-assembly error in the original publication. Not used as an independent quantitative input; rely on the separate Fig5D-E colony-formation data instead for the CDK-dominance conclusion."
shao_fig5a_p_rnpii_s2_sicdk1,paper_PMID31561409,huh7_shao_sirna_hcc,huh7_shao_sirna_hcc__sicdk1,shao_sirna_wb,densitometry_p_rnpii_s2,"p-RNPII (S2), siCDK1, 72h post-siRNA",1.89,relative densitometry,72.0,h,densitometry ratio,,,,,,annotation_workbook,Figure 5,A,,,DIRECT_SOURCE,NOT_MODEL_READY,False,,"DATA-QUALITY FLAG: this six-number row (1.78/1.89/1.71/1.38/0.65/1.45) is printed identically under FOUR different blots (CDK9, p-Rb, p-ATM, p-RNPII) in the source figure -- verified by re-reading the source at 400 DPI three times, not a transcription error on our end. Biologically these are four unrelated measurements and would not be expected to match to 2 decimal places by chance. Reads as a copy-paste/figure-assembly error in the original publication. Not used as an independent quantitative input; rely on the separate Fig5D-E colony-formation data instead for the CDK-dominance conclusion."
shao_fig5a_p_rnpii_s2_sicdk1_2_5_9,paper_PMID31561409,huh7_shao_sirna_hcc,huh7_shao_sirna_hcc__sicdk1_2_5_9,shao_sirna_wb,densitometry_p_rnpii_s2,"p-RNPII (S2), siCDK1+2+5+9, 72h post-siRNA",1.45,relative densitometry,72.0,h,densitometry ratio,,,,,,annotation_workbook,Figure 5,A,,,DIRECT_SOURCE,NOT_MODEL_READY,False,,"DATA-QUALITY FLAG: this six-number row (1.78/1.89/1.71/1.38/0.65/1.45) is printed identically under FOUR different blots (CDK9, p-Rb, p-ATM, p-RNPII) in the source figure -- verified by re-reading the source at 400 DPI three times, not a transcription error on our end. Biologically these are four unrelated measurements and would not be expected to match to 2 decimal places by chance. Reads as a copy-paste/figure-assembly error in the original publication. Not used as an independent quantitative input; rely on the separate Fig5D-E colony-formation data instead for the CDK-dominance conclusion."
shao_fig5a_p_rnpii_s2_sicdk2,paper_PMID31561409,huh7_shao_sirna_hcc,huh7_shao_sirna_hcc__sicdk2,shao_sirna_wb,densitometry_p_rnpii_s2,"p-RNPII (S2), siCDK2, 72h post-siRNA",1.71,relative densitometry,72.0,h,densitometry ratio,,,,,,annotation_workbook,Figure 5,A,,,DIRECT_SOURCE,NOT_MODEL_READY,False,,"DATA-QUALITY FLAG: this six-number row (1.78/1.89/1.71/1.38/0.65/1.45) is printed identically under FOUR different blots (CDK9, p-Rb, p-ATM, p-RNPII) in the source figure -- verified by re-reading the source at 400 DPI three times, not a transcription error on our end. Biologically these are four unrelated measurements and would not be expected to match to 2 decimal places by chance. Reads as a copy-paste/figure-assembly error in the original publication. Not used as an independent quantitative input; rely on the separate Fig5D-E colony-formation data instead for the CDK-dominance conclusion."
shao_fig5a_p_rnpii_s2_sicdk5,paper_PMID31561409,huh7_shao_sirna_hcc,huh7_shao_sirna_hcc__sicdk5,shao_sirna_wb,densitometry_p_rnpii_s2,"p-RNPII (S2), siCDK5, 72h post-siRNA",1.38,relative densitometry,72.0,h,densitometry ratio,,,,,,annotation_workbook,Figure 5,A,,,DIRECT_SOURCE,NOT_MODEL_READY,False,,"DATA-QUALITY FLAG: this six-number row (1.78/1.89/1.71/1.38/0.65/1.45) is printed identically under FOUR different blots (CDK9, p-Rb, p-ATM, p-RNPII) in the source figure -- verified by re-reading the source at 400 DPI three times, not a transcription error on our end. Biologically these are four unrelated measurements and would not be expected to match to 2 decimal places by chance. Reads as a copy-paste/figure-assembly error in the original publication. Not used as an independent quantitative input; rely on the separate Fig5D-E colony-formation data instead for the CDK-dominance conclusion."
shao_fig5a_p_rnpii_s2_sicdk9,paper_PMID31561409,huh7_shao_sirna_hcc,huh7_shao_sirna_hcc__sicdk9,shao_sirna_wb,densitometry_p_rnpii_s2,"p-RNPII (S2), siCDK9, 72h post-siRNA",0.65,relative densitometry,72.0,h,densitometry ratio,,,,,,annotation_workbook,Figure 5,A,,,DIRECT_SOURCE,NOT_MODEL_READY,False,,"DATA-QUALITY FLAG: this six-number row (1.78/1.89/1.71/1.38/0.65/1.45) is printed identically under FOUR different blots (CDK9, p-Rb, p-ATM, p-RNPII) in the source figure -- verified by re-reading the source at 400 DPI three times, not a transcription error on our end. Biologically these are four unrelated measurements and would not be expected to match to 2 decimal places by chance. Reads as a copy-paste/figure-assembly error in the original publication. Not used as an independent quantitative input; rely on the separate Fig5D-E colony-formation data instead for the CDK-dominance conclusion."
shao_fig5a_p_rnpii_s2_sint,paper_PMID31561409,huh7_shao_sirna_hcc,huh7_shao_sirna_hcc__sint,shao_sirna_wb,densitometry_p_rnpii_s2,"p-RNPII (S2), siNT, 72h post-siRNA",1.78,relative densitometry,72.0,h,densitometry ratio,,,,,,annotation_workbook,Figure 5,A,,,DIRECT_SOURCE,NOT_MODEL_READY,False,,"DATA-QUALITY FLAG: this six-number row (1.78/1.89/1.71/1.38/0.65/1.45) is printed identically under FOUR different blots (CDK9, p-Rb, p-ATM, p-RNPII) in the source figure -- verified by re-reading the source at 400 DPI three times, not a transcription error on our end. Biologically these are four unrelated measurements and would not be expected to match to 2 decimal places by chance. Reads as a copy-paste/figure-assembly error in the original publication. Not used as an independent quantitative input; rely on the separate Fig5D-E colony-formation data instead for the CDK-dominance conclusion."
shao_fig5de_cdk1_cdk1_overexpression,paper_PMID31561409,huh7_shao_sirna_hcc,huh7_shao_sirna_hcc__cdk1_overexpression_dinaciclib_2_5_nm_colony_formation_rescue,shao_sirna_colony_rescue,colony_formation_pct_rescue,"% relative colony formation, CDK1-overexpression, 2.5 nM dinaciclib",15.0,% relative colonies,,,approximate colony-formation percentage,text-derived approximate value (no printed bar-chart y-axis values in either supplied workbook),,,,,moa_doc,Figure 5,D-E,,,TEXT_DERIVED,SEMI_QUANTITATIVE,False,,"From the companion annotation workbook's Figure Annotations sheet: 'CDK9 overexpression significantly rescues colony formation at 2.5 nM (from ~15% to ~28%) while CDK1 overexpression does nothing' -- approximate values ('~15%', '~28%') preserved as stated, not pixel-digitized from a bar chart. Central evidence for CDK9 as the dominant rescuable node vs CDK1 (matters when knocked down, but not rescuable when added back)."
shao_fig5de_cdk1_vector,paper_PMID31561409,huh7_shao_sirna_hcc,huh7_shao_sirna_hcc__vector_dinaciclib_2_5_nm_colony_formation_rescue,shao_sirna_colony_rescue,colony_formation_pct_rescue,"% relative colony formation, Vector, 2.5 nM dinaciclib",15.0,% relative colonies,,,approximate colony-formation percentage,text-derived approximate value (no printed bar-chart y-axis values in either supplied workbook),,,,,moa_doc,Figure 5,D-E,,,TEXT_DERIVED,SEMI_QUANTITATIVE,False,,"From the companion annotation workbook's Figure Annotations sheet: 'CDK9 overexpression significantly rescues colony formation at 2.5 nM (from ~15% to ~28%) while CDK1 overexpression does nothing' -- approximate values ('~15%', '~28%') preserved as stated, not pixel-digitized from a bar chart. Central evidence for CDK9 as the dominant rescuable node vs CDK1 (matters when knocked down, but not rescuable when added back)."
shao_fig5de_cdk9_cdk9_overexpression,paper_PMID31561409,huh7_shao_sirna_hcc,huh7_shao_sirna_hcc__cdk9_overexpression_dinaciclib_2_5_nm_colony_formation_rescue,shao_sirna_colony_rescue,colony_formation_pct_rescue,"% relative colony formation, CDK9-overexpression, 2.5 nM dinaciclib",28.0,% relative colonies,,,approximate colony-formation percentage,text-derived approximate value (no printed bar-chart y-axis values in either supplied workbook),,,,,moa_doc,Figure 5,D-E,,,TEXT_DERIVED,SEMI_QUANTITATIVE,False,,"From the companion annotation workbook's Figure Annotations sheet: 'CDK9 overexpression significantly rescues colony formation at 2.5 nM (from ~15% to ~28%) while CDK1 overexpression does nothing' -- approximate values ('~15%', '~28%') preserved as stated, not pixel-digitized from a bar chart. Central evidence for CDK9 as the dominant rescuable node vs CDK1 (matters when knocked down, but not rescuable when added back)."
shao_fig5de_cdk9_vector,paper_PMID31561409,huh7_shao_sirna_hcc,huh7_shao_sirna_hcc__vector_dinaciclib_2_5_nm_colony_formation_rescue,shao_sirna_colony_rescue,colony_formation_pct_rescue,"% relative colony formation, Vector, 2.5 nM dinaciclib",15.0,% relative colonies,,,approximate colony-formation percentage,text-derived approximate value (no printed bar-chart y-axis values in either supplied workbook),,,,,moa_doc,Figure 5,D-E,,,TEXT_DERIVED,SEMI_QUANTITATIVE,False,,"From the companion annotation workbook's Figure Annotations sheet: 'CDK9 overexpression significantly rescues colony formation at 2.5 nM (from ~15% to ~28%) while CDK1 overexpression does nothing' -- approximate values ('~15%', '~28%') preserved as stated, not pixel-digitized from a bar chart. Central evidence for CDK9 as the dominant rescuable node vs CDK1 (matters when knocked down, but not rescuable when added back)."
xu_fig1b_ccne1_survival_hr,paper_PMID31349793,tcga_hcc_ccne1_cohort,tcga_hcc_ccne1_cohort__ccne1_high_vs_ccne1_low_tcga_km_plotter_stratification,xu_km_survival,overall_survival_HR_CCNE1_high_vs_low,"Overall survival HR, CCNE1-high vs CCNE1-low (TCGA)",1.77,hazard ratio,,,"Cox hazard ratio, log-rank test",reported P-value,0.0012,,,,annotation_workbook,Figure 1,B,,,DIRECT_SOURCE,QUANTITATIVE,False,,"HR and log-rank P printed directly on the Kaplan-Meier plot (P=0.0012). Tier 0 baseline/predictive biomarker -- NOT a dinaciclib pharmacodynamic response; dinaciclib does not change CCNE1 expression (Xu Fig3E). Model as a covariate on sorafenib/regorafenib baseline resistance parameters, not as a node inside dinaciclib's own cascade."
xu_fig2ab_ccne1_plasmid,paper_PMID31349793,huh7_ccne1_plasmid_xu,huh7_ccne1_plasmid_xu__ccne1_plasmid_24h_growth_assay,xu_growth_rescue,relative_survival_fold_24h,"Relative survival fold at 24h, CCNE1-plasmid",1.7,fold vs Control-plasmid at 24h,24.0,h,approximate fold-change,text-derived approximate value (no printed bar-chart/curve y-axis values in either supplied workbook),,,,,moa_doc,Figure 2,A-B,,,TEXT_DERIVED,SEMI_QUANTITATIVE,False,,From Figure Annotations sheet: 'CCNE1 overexpression accelerates G1->S transit and increases survival ~1.7x by 24h vs control'. Approximate magnitude preserved as stated.
xu_fig2ab_control_plasmid,paper_PMID31349793,huh7_control_plasmid_xu,huh7_control_plasmid_xu__control_plasmid_24h_growth_assay,xu_growth_rescue,relative_survival_fold_24h,"Relative survival fold at 24h, Control-plasmid",1.0,fold vs Control-plasmid at 24h,24.0,h,approximate fold-change,text-derived approximate value (no printed bar-chart/curve y-axis values in either supplied workbook),,,,,moa_doc,Figure 2,A-B,,,TEXT_DERIVED,SEMI_QUANTITATIVE,False,,From Figure Annotations sheet: 'CCNE1 overexpression accelerates G1->S transit and increases survival ~1.7x by 24h vs control'. Approximate magnitude preserved as stated.
xu_fig2df_regorafenib_ccne1_plasmid,paper_PMID31349793,huh7_ccne1_plasmid_xu,huh7_ccne1_plasmid_xu__ccne1_plasmid_regorafenib_8_um,xu_apoptosis_rescue,apoptosis_fraction_relative_regorafenib,"Relative apoptotic fraction, CCNE1-plasmid, Regorafenib 8 uM",0.5,fraction of Control-plasmid + Regorafenib apoptosis,,,approximate relative apoptotic fraction,"text-derived approximate value (source text states 'roughly halves', not a printed bar-chart value)",,,,,moa_doc,Figure 2,"D, F",,,TEXT_DERIVED,SEMI_QUANTITATIVE,False,,"From Figure Annotations sheet: 'CCNE1 overexpression roughly halves drug-induced apoptosis at both regorafenib and sorafenib doses tested'. Central causal argument of Xu et al. (Fig2 rescue experiments); approximate magnitude (0.5x) preserved as stated, not a precisely digitized percentage."
xu_fig2df_regorafenib_control_plasmid,paper_PMID31349793,huh7_control_plasmid_xu,huh7_control_plasmid_xu__control_plasmid_regorafenib_8_um,xu_apoptosis_rescue,apoptosis_fraction_relative_regorafenib,"Relative apoptotic fraction, Control-plasmid, Regorafenib 8 uM",1.0,fraction of Control-plasmid + Regorafenib apoptosis,,,approximate relative apoptotic fraction,"text-derived approximate value (source text states 'roughly halves', not a printed bar-chart value)",,,,,moa_doc,Figure 2,"D, F",,,TEXT_DERIVED,SEMI_QUANTITATIVE,False,,"From Figure Annotations sheet: 'CCNE1 overexpression roughly halves drug-induced apoptosis at both regorafenib and sorafenib doses tested'. Central causal argument of Xu et al. (Fig2 rescue experiments); approximate magnitude (0.5x) preserved as stated, not a precisely digitized percentage."
xu_fig2df_sorafenib_ccne1_plasmid,paper_PMID31349793,huh7_ccne1_plasmid_xu,huh7_ccne1_plasmid_xu__ccne1_plasmid_sorafenib_5_um,xu_apoptosis_rescue,apoptosis_fraction_relative_sorafenib,"Relative apoptotic fraction, CCNE1-plasmid, Sorafenib 5 uM",0.5,fraction of Control-plasmid + Sorafenib apoptosis,,,approximate relative apoptotic fraction,"text-derived approximate value (source text states 'roughly halves', not a printed bar-chart value)",,,,,moa_doc,Figure 2,"D, F",,,TEXT_DERIVED,SEMI_QUANTITATIVE,False,,"From Figure Annotations sheet: 'CCNE1 overexpression roughly halves drug-induced apoptosis at both regorafenib and sorafenib doses tested'. Central causal argument of Xu et al. (Fig2 rescue experiments); approximate magnitude (0.5x) preserved as stated, not a precisely digitized percentage."
xu_fig2df_sorafenib_control_plasmid,paper_PMID31349793,huh7_control_plasmid_xu,huh7_control_plasmid_xu__control_plasmid_sorafenib_5_um,xu_apoptosis_rescue,apoptosis_fraction_relative_sorafenib,"Relative apoptotic fraction, Control-plasmid, Sorafenib 5 uM",1.0,fraction of Control-plasmid + Sorafenib apoptosis,,,approximate relative apoptotic fraction,"text-derived approximate value (source text states 'roughly halves', not a printed bar-chart value)",,,,,moa_doc,Figure 2,"D, F",,,TEXT_DERIVED,SEMI_QUANTITATIVE,False,,"From Figure Annotations sheet: 'CCNE1 overexpression roughly halves drug-induced apoptosis at both regorafenib and sorafenib doses tested'. Central causal argument of Xu et al. (Fig2 rescue experiments); approximate magnitude (0.5x) preserved as stated, not a precisely digitized percentage."
xu_fig3a_hepg2_control_0h,paper_PMID31349793,hepg2_xu_in_vitro,hepg2_xu_in_vitro__hepg2_control_0h,xu_survival_timecourse,pct_survival,"% cell survival, HepG2 Control, 0h",100.0,% survival (t=0 = 100%),0.0,h,percent survival relative to t=0,"visual digitization uncertainty (pixel-based marker-centroid extraction, 400 DPI render, cross-checked)",,,,,annotation_workbook,Figure 3,A,,,PLOT_DIGITIZED,QUANTITATIVE,False,,Control arms continue growing (untreated proliferation) while dinaciclib arms decline from t=6h onward -- net effect combines growth inhibition and active killing.
xu_fig3a_hepg2_control_12h,paper_PMID31349793,hepg2_xu_in_vitro,hepg2_xu_in_vitro__hepg2_control_12h,xu_survival_timecourse,pct_survival,"% cell survival, HepG2 Control, 12h",138.0,% survival (t=0 = 100%),12.0,h,percent survival relative to t=0,"visual digitization uncertainty (pixel-based marker-centroid extraction, 400 DPI render, cross-checked)",,,,,annotation_workbook,Figure 3,A,,,PLOT_DIGITIZED,QUANTITATIVE,False,,Control arms continue growing (untreated proliferation) while dinaciclib arms decline from t=6h onward -- net effect combines growth inhibition and active killing.
xu_fig3a_hepg2_control_24h,paper_PMID31349793,hepg2_xu_in_vitro,hepg2_xu_in_vitro__hepg2_control_24h,xu_survival_timecourse,pct_survival,"% cell survival, HepG2 Control, 24h",157.0,% survival (t=0 = 100%),24.0,h,percent survival relative to t=0,"visual digitization uncertainty (pixel-based marker-centroid extraction, 400 DPI render, cross-checked)",,,,,annotation_workbook,Figure 3,A,,,PLOT_DIGITIZED,QUANTITATIVE,False,,Control arms continue growing (untreated proliferation) while dinaciclib arms decline from t=6h onward -- net effect combines growth inhibition and active killing.
xu_fig3a_hepg2_control_6h,paper_PMID31349793,hepg2_xu_in_vitro,hepg2_xu_in_vitro__hepg2_control_6h,xu_survival_timecourse,pct_survival,"% cell survival, HepG2 Control, 6h",121.0,% survival (t=0 = 100%),6.0,h,percent survival relative to t=0,"visual digitization uncertainty (pixel-based marker-centroid extraction, 400 DPI render, cross-checked)",,,,,annotation_workbook,Figure 3,A,,,PLOT_DIGITIZED,QUANTITATIVE,False,,Control arms continue growing (untreated proliferation) while dinaciclib arms decline from t=6h onward -- net effect combines growth inhibition and active killing.
xu_fig3a_hepg2_din_0h,paper_PMID31349793,hepg2_xu_in_vitro,hepg2_xu_in_vitro__hepg2_dinaciclib_50_nm_0h,xu_survival_timecourse,pct_survival,"% cell survival, HepG2 Din, 0h",100.0,% survival (t=0 = 100%),0.0,h,percent survival relative to t=0,"visual digitization uncertainty (pixel-based marker-centroid extraction, 400 DPI render, cross-checked)",,,,,annotation_workbook,Figure 3,A,,,PLOT_DIGITIZED,QUANTITATIVE,False,,Control arms continue growing (untreated proliferation) while dinaciclib arms decline from t=6h onward -- net effect combines growth inhibition and active killing.
xu_fig3a_hepg2_din_12h,paper_PMID31349793,hepg2_xu_in_vitro,hepg2_xu_in_vitro__hepg2_dinaciclib_50_nm_12h,xu_survival_timecourse,pct_survival,"% cell survival, HepG2 Din, 12h",69.0,% survival (t=0 = 100%),12.0,h,percent survival relative to t=0,"visual digitization uncertainty (pixel-based marker-centroid extraction, 400 DPI render, cross-checked)",,,,,annotation_workbook,Figure 3,A,,,PLOT_DIGITIZED,QUANTITATIVE,False,,Control arms continue growing (untreated proliferation) while dinaciclib arms decline from t=6h onward -- net effect combines growth inhibition and active killing.
xu_fig3a_hepg2_din_24h,paper_PMID31349793,hepg2_xu_in_vitro,hepg2_xu_in_vitro__hepg2_dinaciclib_50_nm_24h,xu_survival_timecourse,pct_survival,"% cell survival, HepG2 Din, 24h",56.0,% survival (t=0 = 100%),24.0,h,percent survival relative to t=0,"visual digitization uncertainty (pixel-based marker-centroid extraction, 400 DPI render, cross-checked)",,,,,annotation_workbook,Figure 3,A,,,PLOT_DIGITIZED,QUANTITATIVE,False,,Control arms continue growing (untreated proliferation) while dinaciclib arms decline from t=6h onward -- net effect combines growth inhibition and active killing.
xu_fig3a_hepg2_din_6h,paper_PMID31349793,hepg2_xu_in_vitro,hepg2_xu_in_vitro__hepg2_dinaciclib_50_nm_6h,xu_survival_timecourse,pct_survival,"% cell survival, HepG2 Din, 6h",87.0,% survival (t=0 = 100%),6.0,h,percent survival relative to t=0,"visual digitization uncertainty (pixel-based marker-centroid extraction, 400 DPI render, cross-checked)",,,,,annotation_workbook,Figure 3,A,,,PLOT_DIGITIZED,QUANTITATIVE,False,,Control arms continue growing (untreated proliferation) while dinaciclib arms decline from t=6h onward -- net effect combines growth inhibition and active killing.
xu_fig3a_huh7_control_0h,paper_PMID31349793,huh7_xu_in_vitro,huh7_xu_in_vitro__huh7_control_0h,xu_survival_timecourse,pct_survival,"% cell survival, Huh7 Control, 0h",100.0,% survival (t=0 = 100%),0.0,h,percent survival relative to t=0,"visual digitization uncertainty (pixel-based marker-centroid extraction, 400 DPI render, cross-checked)",,,,,annotation_workbook,Figure 3,A,,,PLOT_DIGITIZED,QUANTITATIVE,False,,Control arms continue growing (untreated proliferation) while dinaciclib arms decline from t=6h onward -- net effect combines growth inhibition and active killing.
xu_fig3a_huh7_control_12h,paper_PMID31349793,huh7_xu_in_vitro,huh7_xu_in_vitro__huh7_control_12h,xu_survival_timecourse,pct_survival,"% cell survival, Huh7 Control, 12h",143.0,% survival (t=0 = 100%),12.0,h,percent survival relative to t=0,"visual digitization uncertainty (pixel-based marker-centroid extraction, 400 DPI render, cross-checked)",,,,,annotation_workbook,Figure 3,A,,,PLOT_DIGITIZED,QUANTITATIVE,False,,Control arms continue growing (untreated proliferation) while dinaciclib arms decline from t=6h onward -- net effect combines growth inhibition and active killing.
xu_fig3a_huh7_control_24h,paper_PMID31349793,huh7_xu_in_vitro,huh7_xu_in_vitro__huh7_control_24h,xu_survival_timecourse,pct_survival,"% cell survival, Huh7 Control, 24h",168.0,% survival (t=0 = 100%),24.0,h,percent survival relative to t=0,"visual digitization uncertainty (pixel-based marker-centroid extraction, 400 DPI render, cross-checked)",,,,,annotation_workbook,Figure 3,A,,,PLOT_DIGITIZED,QUANTITATIVE,False,,Control arms continue growing (untreated proliferation) while dinaciclib arms decline from t=6h onward -- net effect combines growth inhibition and active killing.
xu_fig3a_huh7_control_6h,paper_PMID31349793,huh7_xu_in_vitro,huh7_xu_in_vitro__huh7_control_6h,xu_survival_timecourse,pct_survival,"% cell survival, Huh7 Control, 6h",118.0,% survival (t=0 = 100%),6.0,h,percent survival relative to t=0,"visual digitization uncertainty (pixel-based marker-centroid extraction, 400 DPI render, cross-checked)",,,,,annotation_workbook,Figure 3,A,,,PLOT_DIGITIZED,QUANTITATIVE,False,,Control arms continue growing (untreated proliferation) while dinaciclib arms decline from t=6h onward -- net effect combines growth inhibition and active killing.
xu_fig3a_huh7_din_0h,paper_PMID31349793,huh7_xu_in_vitro,huh7_xu_in_vitro__huh7_dinaciclib_50_nm_0h,xu_survival_timecourse,pct_survival,"% cell survival, Huh7 Din, 0h",100.0,% survival (t=0 = 100%),0.0,h,percent survival relative to t=0,"visual digitization uncertainty (pixel-based marker-centroid extraction, 400 DPI render, cross-checked)",,,,,annotation_workbook,Figure 3,A,,,PLOT_DIGITIZED,QUANTITATIVE,False,,Control arms continue growing (untreated proliferation) while dinaciclib arms decline from t=6h onward -- net effect combines growth inhibition and active killing.
xu_fig3a_huh7_din_12h,paper_PMID31349793,huh7_xu_in_vitro,huh7_xu_in_vitro__huh7_dinaciclib_50_nm_12h,xu_survival_timecourse,pct_survival,"% cell survival, Huh7 Din, 12h",72.0,% survival (t=0 = 100%),12.0,h,percent survival relative to t=0,"visual digitization uncertainty (pixel-based marker-centroid extraction, 400 DPI render, cross-checked)",,,,,annotation_workbook,Figure 3,A,,,PLOT_DIGITIZED,QUANTITATIVE,False,,Control arms continue growing (untreated proliferation) while dinaciclib arms decline from t=6h onward -- net effect combines growth inhibition and active killing.
xu_fig3a_huh7_din_24h,paper_PMID31349793,huh7_xu_in_vitro,huh7_xu_in_vitro__huh7_dinaciclib_50_nm_24h,xu_survival_timecourse,pct_survival,"% cell survival, Huh7 Din, 24h",58.0,% survival (t=0 = 100%),24.0,h,percent survival relative to t=0,"visual digitization uncertainty (pixel-based marker-centroid extraction, 400 DPI render, cross-checked)",,,,,annotation_workbook,Figure 3,A,,,PLOT_DIGITIZED,QUANTITATIVE,False,,Control arms continue growing (untreated proliferation) while dinaciclib arms decline from t=6h onward -- net effect combines growth inhibition and active killing.
xu_fig3a_huh7_din_6h,paper_PMID31349793,huh7_xu_in_vitro,huh7_xu_in_vitro__huh7_dinaciclib_50_nm_6h,xu_survival_timecourse,pct_survival,"% cell survival, Huh7 Din, 6h",89.0,% survival (t=0 = 100%),6.0,h,percent survival relative to t=0,"visual digitization uncertainty (pixel-based marker-centroid extraction, 400 DPI render, cross-checked)",,,,,annotation_workbook,Figure 3,A,,,PLOT_DIGITIZED,QUANTITATIVE,False,,Control arms continue growing (untreated proliferation) while dinaciclib arms decline from t=6h onward -- net effect combines growth inhibition and active killing.
xu_fig4ef_control_plasmid,paper_PMID31349793,huh7_control_plasmid_xu,huh7_control_plasmid_xu__control_plasmid_dinaciclib_50_nm_regorafenib_8_um,xu_apoptosis_rescue,apoptosis_pct_din_regorafenib_combo,"% apoptotic cells, Control-plasmid, dinaciclib+regorafenib",65.0,% apoptotic cells (approximate),,,approximate percent apoptotic cells,text-derived approximate value ('~65%'/'~15%' as stated in the Figure Annotations sheet),,,,,moa_doc,Figure 4,E-F,,,TEXT_DERIVED,SEMI_QUANTITATIVE,False,,"From Figure Annotations sheet: 'Mcl-1 overexpression nearly abolishes Din+Reg-induced apoptosis (~65%->~15%) -- the single most important rescue experiment in this paper, structurally identical to the BEZ235/Bcl-2 rescue'. Direct calibration data for a Mcl-1 'protected fraction' PD parameter."
xu_fig4ef_mcl_1_overexpression,paper_PMID31349793,huh7_mcl1_oe_xu,huh7_mcl1_oe_xu__mcl_1_overexpression_dinaciclib_50_nm_regorafenib_8_um,xu_apoptosis_rescue,apoptosis_pct_din_regorafenib_combo,"% apoptotic cells, Mcl-1-overexpression, dinaciclib+regorafenib",15.0,% apoptotic cells (approximate),,,approximate percent apoptotic cells,text-derived approximate value ('~65%'/'~15%' as stated in the Figure Annotations sheet),,,,,moa_doc,Figure 4,E-F,,,TEXT_DERIVED,SEMI_QUANTITATIVE,False,,"From Figure Annotations sheet: 'Mcl-1 overexpression nearly abolishes Din+Reg-induced apoptosis (~65%->~15%) -- the single most important rescue experiment in this paper, structurally identical to the BEZ235/Bcl-2 rescue'. Direct calibration data for a Mcl-1 'protected fraction' PD parameter."
xu_fig5e_control_plasmid,paper_PMID31349793,huh7_control_plasmid_xu,huh7_control_plasmid_xu__control_plasmid_mcl_1_promoter_luciferase_reporter,xu_luciferase_reporter,mcl1_promoter_luciferase_fold,"Mcl-1-promoter luciferase activity fold, Control-plasmid",1.0,fold vs Control-plasmid,,,approximate fold-change,text-derived approximate value ('~4x' as stated in the Figure Annotations sheet),,,,,moa_doc,Figure 5,E,,,TEXT_DERIVED,SEMI_QUANTITATIVE,False,,"From Figure Annotations sheet: 'STAT3 overexpression ~4x's reporter activity, Din treatment cuts it back down' -- best quantitative anchor for a STAT3->Mcl-1 transcription-rate PD term."
xu_fig5e_stat3_overexpression,paper_PMID31349793,huh7_stat3_oe_xu,huh7_stat3_oe_xu__stat3_overexpression_mcl_1_promoter_luciferase_reporter,xu_luciferase_reporter,mcl1_promoter_luciferase_fold,"Mcl-1-promoter luciferase activity fold, STAT3-overexpression",4.0,fold vs Control-plasmid,,,approximate fold-change,text-derived approximate value ('~4x' as stated in the Figure Annotations sheet),,,,,moa_doc,Figure 5,E,,,TEXT_DERIVED,SEMI_QUANTITATIVE,False,,"From Figure Annotations sheet: 'STAT3 overexpression ~4x's reporter activity, Din treatment cuts it back down' -- best quantitative anchor for a STAT3->Mcl-1 transcription-rate PD term."
xu_fig5g_control_plasmid,paper_PMID31349793,huh7_control_plasmid_xu,huh7_control_plasmid_xu__control_plasmid_flavopiridol_100_nm,xu_apoptosis_rescue,apoptosis_fraction_relative_flavopiridol,"Relative apoptotic fraction, Control-plasmid, flavopiridol",1.0,fraction of Control-plasmid + flavopiridol apoptosis,,,approximate relative apoptotic fraction,"text-derived approximate value (source text states 'roughly in half', not a printed bar-chart value)",,,,,moa_doc,Figure 5,G,,,TEXT_DERIVED,SEMI_QUANTITATIVE,False,,From Figure Annotations sheet: 'STAT3 overexpression cuts FLA-induced apoptosis roughly in half -- corroborates the Mcl-1 rescue in Fig4E from a different upstream angle'. Second independent rescue dataset for the STAT3->Mcl-1 protected-fraction parameter.
xu_fig5g_stat3_overexpression,paper_PMID31349793,huh7_stat3_oe_xu,huh7_stat3_oe_xu__stat3_overexpression_flavopiridol_100_nm,xu_apoptosis_rescue,apoptosis_fraction_relative_flavopiridol,"Relative apoptotic fraction, STAT3-overexpression, flavopiridol",0.5,fraction of Control-plasmid + flavopiridol apoptosis,,,approximate relative apoptotic fraction,"text-derived approximate value (source text states 'roughly in half', not a printed bar-chart value)",,,,,moa_doc,Figure 5,G,,,TEXT_DERIVED,SEMI_QUANTITATIVE,False,,From Figure Annotations sheet: 'STAT3 overexpression cuts FLA-induced apoptosis roughly in half -- corroborates the Mcl-1 rescue in Fig4E from a different upstream angle'. Second independent rescue dataset for the STAT3->Mcl-1 protected-fraction parameter.
xu_fig6a_control_day1,paper_PMID31349793,huh7_xu_xenograft,huh7_xu_xenograft__control,xu_xenograft_tumor_volume,xenograft_tumor_volume,"Tumor volume, Control, day 1",30.0,mm3,1.0,d,mean tumor volume,"visual digitization uncertainty (pixel-based curve extraction, 400 DPI render, cross-checked)",,,,,annotation_workbook,Figure 6,A,,,PLOT_DIGITIZED,QUANTITATIVE,False,,Dinaciclib+Regorafenib combination gives the flattest curve throughout -- visually additive-to-supra-additive vs either monotherapy arm. The paper's central in vivo sensitization/combination claim.
xu_fig6a_control_day10,paper_PMID31349793,huh7_xu_xenograft,huh7_xu_xenograft__control,xu_xenograft_tumor_volume,xenograft_tumor_volume,"Tumor volume, Control, day 10",600.0,mm3,10.0,d,mean tumor volume,"visual digitization uncertainty (pixel-based curve extraction, 400 DPI render, cross-checked)",,,,,annotation_workbook,Figure 6,A,,,PLOT_DIGITIZED,QUANTITATIVE,False,,Dinaciclib+Regorafenib combination gives the flattest curve throughout -- visually additive-to-supra-additive vs either monotherapy arm. The paper's central in vivo sensitization/combination claim.
xu_fig6a_control_day13,paper_PMID31349793,huh7_xu_xenograft,huh7_xu_xenograft__control,xu_xenograft_tumor_volume,xenograft_tumor_volume,"Tumor volume, Control, day 13",760.0,mm3,13.0,d,mean tumor volume,"visual digitization uncertainty (pixel-based curve extraction, 400 DPI render, cross-checked)",,,,,annotation_workbook,Figure 6,A,,,PLOT_DIGITIZED,QUANTITATIVE,False,,Dinaciclib+Regorafenib combination gives the flattest curve throughout -- visually additive-to-supra-additive vs either monotherapy arm. The paper's central in vivo sensitization/combination claim.
xu_fig6a_control_day16,paper_PMID31349793,huh7_xu_xenograft,huh7_xu_xenograft__control,xu_xenograft_tumor_volume,xenograft_tumor_volume,"Tumor volume, Control, day 16",1010.0,mm3,16.0,d,mean tumor volume,"visual digitization uncertainty (pixel-based curve extraction, 400 DPI render, cross-checked)",,,,,annotation_workbook,Figure 6,A,,,PLOT_DIGITIZED,QUANTITATIVE,False,,Dinaciclib+Regorafenib combination gives the flattest curve throughout -- visually additive-to-supra-additive vs either monotherapy arm. The paper's central in vivo sensitization/combination claim.
xu_fig6a_control_day19,paper_PMID31349793,huh7_xu_xenograft,huh7_xu_xenograft__control,xu_xenograft_tumor_volume,xenograft_tumor_volume,"Tumor volume, Control, day 19",1330.0,mm3,19.0,d,mean tumor volume,"visual digitization uncertainty (pixel-based curve extraction, 400 DPI render, cross-checked)",,,,,annotation_workbook,Figure 6,A,,,PLOT_DIGITIZED,QUANTITATIVE,False,,Dinaciclib+Regorafenib combination gives the flattest curve throughout -- visually additive-to-supra-additive vs either monotherapy arm. The paper's central in vivo sensitization/combination claim.
xu_fig6a_control_day4,paper_PMID31349793,huh7_xu_xenograft,huh7_xu_xenograft__control,xu_xenograft_tumor_volume,xenograft_tumor_volume,"Tumor volume, Control, day 4",150.0,mm3,4.0,d,mean tumor volume,"visual digitization uncertainty (pixel-based curve extraction, 400 DPI render, cross-checked)",,,,,annotation_workbook,Figure 6,A,,,PLOT_DIGITIZED,QUANTITATIVE,False,,Dinaciclib+Regorafenib combination gives the flattest curve throughout -- visually additive-to-supra-additive vs either monotherapy arm. The paper's central in vivo sensitization/combination claim.
xu_fig6a_control_day7,paper_PMID31349793,huh7_xu_xenograft,huh7_xu_xenograft__control,xu_xenograft_tumor_volume,xenograft_tumor_volume,"Tumor volume, Control, day 7",380.0,mm3,7.0,d,mean tumor volume,"visual digitization uncertainty (pixel-based curve extraction, 400 DPI render, cross-checked)",,,,,annotation_workbook,Figure 6,A,,,PLOT_DIGITIZED,QUANTITATIVE,False,,Dinaciclib+Regorafenib combination gives the flattest curve throughout -- visually additive-to-supra-additive vs either monotherapy arm. The paper's central in vivo sensitization/combination claim.
xu_fig6a_dinaciclib_30_mg_kg_day1,paper_PMID31349793,huh7_xu_xenograft,huh7_xu_xenograft__dinaciclib_30_mg_kg,xu_xenograft_tumor_volume,xenograft_tumor_volume,"Tumor volume, Dinaciclib 30 mg/kg, day 1",30.0,mm3,1.0,d,mean tumor volume,"visual digitization uncertainty (pixel-based curve extraction, 400 DPI render, cross-checked)",,,,,annotation_workbook,Figure 6,A,,,PLOT_DIGITIZED,QUANTITATIVE,False,,Dinaciclib+Regorafenib combination gives the flattest curve throughout -- visually additive-to-supra-additive vs either monotherapy arm. The paper's central in vivo sensitization/combination claim.
xu_fig6a_dinaciclib_30_mg_kg_day10,paper_PMID31349793,huh7_xu_xenograft,huh7_xu_xenograft__dinaciclib_30_mg_kg,xu_xenograft_tumor_volume,xenograft_tumor_volume,"Tumor volume, Dinaciclib 30 mg/kg, day 10",290.0,mm3,10.0,d,mean tumor volume,"visual digitization uncertainty (pixel-based curve extraction, 400 DPI render, cross-checked)",,,,,annotation_workbook,Figure 6,A,,,PLOT_DIGITIZED,QUANTITATIVE,False,,Dinaciclib+Regorafenib combination gives the flattest curve throughout -- visually additive-to-supra-additive vs either monotherapy arm. The paper's central in vivo sensitization/combination claim.
xu_fig6a_dinaciclib_30_mg_kg_day13,paper_PMID31349793,huh7_xu_xenograft,huh7_xu_xenograft__dinaciclib_30_mg_kg,xu_xenograft_tumor_volume,xenograft_tumor_volume,"Tumor volume, Dinaciclib 30 mg/kg, day 13",420.0,mm3,13.0,d,mean tumor volume,"visual digitization uncertainty (pixel-based curve extraction, 400 DPI render, cross-checked)",,,,,annotation_workbook,Figure 6,A,,,PLOT_DIGITIZED,QUANTITATIVE,False,,Dinaciclib+Regorafenib combination gives the flattest curve throughout -- visually additive-to-supra-additive vs either monotherapy arm. The paper's central in vivo sensitization/combination claim.
xu_fig6a_dinaciclib_30_mg_kg_day16,paper_PMID31349793,huh7_xu_xenograft,huh7_xu_xenograft__dinaciclib_30_mg_kg,xu_xenograft_tumor_volume,xenograft_tumor_volume,"Tumor volume, Dinaciclib 30 mg/kg, day 16",590.0,mm3,16.0,d,mean tumor volume,"visual digitization uncertainty (pixel-based curve extraction, 400 DPI render, cross-checked)",,,,,annotation_workbook,Figure 6,A,,,PLOT_DIGITIZED,QUANTITATIVE,False,,Dinaciclib+Regorafenib combination gives the flattest curve throughout -- visually additive-to-supra-additive vs either monotherapy arm. The paper's central in vivo sensitization/combination claim.
xu_fig6a_dinaciclib_30_mg_kg_day19,paper_PMID31349793,huh7_xu_xenograft,huh7_xu_xenograft__dinaciclib_30_mg_kg,xu_xenograft_tumor_volume,xenograft_tumor_volume,"Tumor volume, Dinaciclib 30 mg/kg, day 19",650.0,mm3,19.0,d,mean tumor volume,"visual digitization uncertainty (pixel-based curve extraction, 400 DPI render, cross-checked)",,,,,annotation_workbook,Figure 6,A,,,PLOT_DIGITIZED,QUANTITATIVE,False,,Dinaciclib+Regorafenib combination gives the flattest curve throughout -- visually additive-to-supra-additive vs either monotherapy arm. The paper's central in vivo sensitization/combination claim.
xu_fig6a_dinaciclib_30_mg_kg_day4,paper_PMID31349793,huh7_xu_xenograft,huh7_xu_xenograft__dinaciclib_30_mg_kg,xu_xenograft_tumor_volume,xenograft_tumor_volume,"Tumor volume, Dinaciclib 30 mg/kg, day 4",80.0,mm3,4.0,d,mean tumor volume,"visual digitization uncertainty (pixel-based curve extraction, 400 DPI render, cross-checked)",,,,,annotation_workbook,Figure 6,A,,,PLOT_DIGITIZED,QUANTITATIVE,False,,Dinaciclib+Regorafenib combination gives the flattest curve throughout -- visually additive-to-supra-additive vs either monotherapy arm. The paper's central in vivo sensitization/combination claim.
xu_fig6a_dinaciclib_30_mg_kg_day7,paper_PMID31349793,huh7_xu_xenograft,huh7_xu_xenograft__dinaciclib_30_mg_kg,xu_xenograft_tumor_volume,xenograft_tumor_volume,"Tumor volume, Dinaciclib 30 mg/kg, day 7",180.0,mm3,7.0,d,mean tumor volume,"visual digitization uncertainty (pixel-based curve extraction, 400 DPI render, cross-checked)",,,,,annotation_workbook,Figure 6,A,,,PLOT_DIGITIZED,QUANTITATIVE,False,,Dinaciclib+Regorafenib combination gives the flattest curve throughout -- visually additive-to-supra-additive vs either monotherapy arm. The paper's central in vivo sensitization/combination claim.
xu_fig6a_dinaciclib_30_mg_kg_regorafenib_20_mg_kg_day1,paper_PMID31349793,huh7_xu_xenograft,huh7_xu_xenograft__dinaciclib_30_mg_kg_regorafenib_20_mg_kg,xu_xenograft_tumor_volume,xenograft_tumor_volume,"Tumor volume, Dinaciclib 30 mg/kg + Regorafenib 20 mg/kg, day 1",30.0,mm3,1.0,d,mean tumor volume,"visual digitization uncertainty (pixel-based curve extraction, 400 DPI render, cross-checked)",,,,,annotation_workbook,Figure 6,A,,,PLOT_DIGITIZED,QUANTITATIVE,False,,Dinaciclib+Regorafenib combination gives the flattest curve throughout -- visually additive-to-supra-additive vs either monotherapy arm. The paper's central in vivo sensitization/combination claim.
xu_fig6a_dinaciclib_30_mg_kg_regorafenib_20_mg_kg_day10,paper_PMID31349793,huh7_xu_xenograft,huh7_xu_xenograft__dinaciclib_30_mg_kg_regorafenib_20_mg_kg,xu_xenograft_tumor_volume,xenograft_tumor_volume,"Tumor volume, Dinaciclib 30 mg/kg + Regorafenib 20 mg/kg, day 10",110.0,mm3,10.0,d,mean tumor volume,"visual digitization uncertainty (pixel-based curve extraction, 400 DPI render, cross-checked)",,,,,annotation_workbook,Figure 6,A,,,PLOT_DIGITIZED,QUANTITATIVE,False,,Dinaciclib+Regorafenib combination gives the flattest curve throughout -- visually additive-to-supra-additive vs either monotherapy arm. The paper's central in vivo sensitization/combination claim.
xu_fig6a_dinaciclib_30_mg_kg_regorafenib_20_mg_kg_day13,paper_PMID31349793,huh7_xu_xenograft,huh7_xu_xenograft__dinaciclib_30_mg_kg_regorafenib_20_mg_kg,xu_xenograft_tumor_volume,xenograft_tumor_volume,"Tumor volume, Dinaciclib 30 mg/kg + Regorafenib 20 mg/kg, day 13",140.0,mm3,13.0,d,mean tumor volume,"visual digitization uncertainty (pixel-based curve extraction, 400 DPI render, cross-checked)",,,,,annotation_workbook,Figure 6,A,,,PLOT_DIGITIZED,QUANTITATIVE,False,,Dinaciclib+Regorafenib combination gives the flattest curve throughout -- visually additive-to-supra-additive vs either monotherapy arm. The paper's central in vivo sensitization/combination claim.
xu_fig6a_dinaciclib_30_mg_kg_regorafenib_20_mg_kg_day16,paper_PMID31349793,huh7_xu_xenograft,huh7_xu_xenograft__dinaciclib_30_mg_kg_regorafenib_20_mg_kg,xu_xenograft_tumor_volume,xenograft_tumor_volume,"Tumor volume, Dinaciclib 30 mg/kg + Regorafenib 20 mg/kg, day 16",175.0,mm3,16.0,d,mean tumor volume,"visual digitization uncertainty (pixel-based curve extraction, 400 DPI render, cross-checked)",,,,,annotation_workbook,Figure 6,A,,,PLOT_DIGITIZED,QUANTITATIVE,False,,Dinaciclib+Regorafenib combination gives the flattest curve throughout -- visually additive-to-supra-additive vs either monotherapy arm. The paper's central in vivo sensitization/combination claim.
xu_fig6a_dinaciclib_30_mg_kg_regorafenib_20_mg_kg_day19,paper_PMID31349793,huh7_xu_xenograft,huh7_xu_xenograft__dinaciclib_30_mg_kg_regorafenib_20_mg_kg,xu_xenograft_tumor_volume,xenograft_tumor_volume,"Tumor volume, Dinaciclib 30 mg/kg + Regorafenib 20 mg/kg, day 19",205.0,mm3,19.0,d,mean tumor volume,"visual digitization uncertainty (pixel-based curve extraction, 400 DPI render, cross-checked)",,,,,annotation_workbook,Figure 6,A,,,PLOT_DIGITIZED,QUANTITATIVE,False,,Dinaciclib+Regorafenib combination gives the flattest curve throughout -- visually additive-to-supra-additive vs either monotherapy arm. The paper's central in vivo sensitization/combination claim.
xu_fig6a_dinaciclib_30_mg_kg_regorafenib_20_mg_kg_day4,paper_PMID31349793,huh7_xu_xenograft,huh7_xu_xenograft__dinaciclib_30_mg_kg_regorafenib_20_mg_kg,xu_xenograft_tumor_volume,xenograft_tumor_volume,"Tumor volume, Dinaciclib 30 mg/kg + Regorafenib 20 mg/kg, day 4",50.0,mm3,4.0,d,mean tumor volume,"visual digitization uncertainty (pixel-based curve extraction, 400 DPI render, cross-checked)",,,,,annotation_workbook,Figure 6,A,,,PLOT_DIGITIZED,QUANTITATIVE,False,,Dinaciclib+Regorafenib combination gives the flattest curve throughout -- visually additive-to-supra-additive vs either monotherapy arm. The paper's central in vivo sensitization/combination claim.
xu_fig6a_dinaciclib_30_mg_kg_regorafenib_20_mg_kg_day7,paper_PMID31349793,huh7_xu_xenograft,huh7_xu_xenograft__dinaciclib_30_mg_kg_regorafenib_20_mg_kg,xu_xenograft_tumor_volume,xenograft_tumor_volume,"Tumor volume, Dinaciclib 30 mg/kg + Regorafenib 20 mg/kg, day 7",70.0,mm3,7.0,d,mean tumor volume,"visual digitization uncertainty (pixel-based curve extraction, 400 DPI render, cross-checked)",,,,,annotation_workbook,Figure 6,A,,,PLOT_DIGITIZED,QUANTITATIVE,False,,Dinaciclib+Regorafenib combination gives the flattest curve throughout -- visually additive-to-supra-additive vs either monotherapy arm. The paper's central in vivo sensitization/combination claim.
xu_fig6a_regorafenib_20_mg_kg_day1,paper_PMID31349793,huh7_xu_xenograft,huh7_xu_xenograft__regorafenib_20_mg_kg,xu_xenograft_tumor_volume,xenograft_tumor_volume,"Tumor volume, Regorafenib 20 mg/kg, day 1",30.0,mm3,1.0,d,mean tumor volume,"visual digitization uncertainty (pixel-based curve extraction, 400 DPI render, cross-checked)",,,,,annotation_workbook,Figure 6,A,,,PLOT_DIGITIZED,QUANTITATIVE,False,,Dinaciclib+Regorafenib combination gives the flattest curve throughout -- visually additive-to-supra-additive vs either monotherapy arm. The paper's central in vivo sensitization/combination claim.
xu_fig6a_regorafenib_20_mg_kg_day10,paper_PMID31349793,huh7_xu_xenograft,huh7_xu_xenograft__regorafenib_20_mg_kg,xu_xenograft_tumor_volume,xenograft_tumor_volume,"Tumor volume, Regorafenib 20 mg/kg, day 10",190.0,mm3,10.0,d,mean tumor volume,"visual digitization uncertainty (pixel-based curve extraction, 400 DPI render, cross-checked)",,,,,annotation_workbook,Figure 6,A,,,PLOT_DIGITIZED,QUANTITATIVE,False,,Dinaciclib+Regorafenib combination gives the flattest curve throughout -- visually additive-to-supra-additive vs either monotherapy arm. The paper's central in vivo sensitization/combination claim.
xu_fig6a_regorafenib_20_mg_kg_day13,paper_PMID31349793,huh7_xu_xenograft,huh7_xu_xenograft__regorafenib_20_mg_kg,xu_xenograft_tumor_volume,xenograft_tumor_volume,"Tumor volume, Regorafenib 20 mg/kg, day 13",290.0,mm3,13.0,d,mean tumor volume,"visual digitization uncertainty (pixel-based curve extraction, 400 DPI render, cross-checked)",,,,,annotation_workbook,Figure 6,A,,,PLOT_DIGITIZED,QUANTITATIVE,False,,Dinaciclib+Regorafenib combination gives the flattest curve throughout -- visually additive-to-supra-additive vs either monotherapy arm. The paper's central in vivo sensitization/combination claim.
xu_fig6a_regorafenib_20_mg_kg_day16,paper_PMID31349793,huh7_xu_xenograft,huh7_xu_xenograft__regorafenib_20_mg_kg,xu_xenograft_tumor_volume,xenograft_tumor_volume,"Tumor volume, Regorafenib 20 mg/kg, day 16",390.0,mm3,16.0,d,mean tumor volume,"visual digitization uncertainty (pixel-based curve extraction, 400 DPI render, cross-checked)",,,,,annotation_workbook,Figure 6,A,,,PLOT_DIGITIZED,QUANTITATIVE,False,,Dinaciclib+Regorafenib combination gives the flattest curve throughout -- visually additive-to-supra-additive vs either monotherapy arm. The paper's central in vivo sensitization/combination claim.
xu_fig6a_regorafenib_20_mg_kg_day19,paper_PMID31349793,huh7_xu_xenograft,huh7_xu_xenograft__regorafenib_20_mg_kg,xu_xenograft_tumor_volume,xenograft_tumor_volume,"Tumor volume, Regorafenib 20 mg/kg, day 19",480.0,mm3,19.0,d,mean tumor volume,"visual digitization uncertainty (pixel-based curve extraction, 400 DPI render, cross-checked)",,,,,annotation_workbook,Figure 6,A,,,PLOT_DIGITIZED,QUANTITATIVE,False,,Dinaciclib+Regorafenib combination gives the flattest curve throughout -- visually additive-to-supra-additive vs either monotherapy arm. The paper's central in vivo sensitization/combination claim.
xu_fig6a_regorafenib_20_mg_kg_day4,paper_PMID31349793,huh7_xu_xenograft,huh7_xu_xenograft__regorafenib_20_mg_kg,xu_xenograft_tumor_volume,xenograft_tumor_volume,"Tumor volume, Regorafenib 20 mg/kg, day 4",60.0,mm3,4.0,d,mean tumor volume,"visual digitization uncertainty (pixel-based curve extraction, 400 DPI render, cross-checked)",,,,,annotation_workbook,Figure 6,A,,,PLOT_DIGITIZED,QUANTITATIVE,False,,Dinaciclib+Regorafenib combination gives the flattest curve throughout -- visually additive-to-supra-additive vs either monotherapy arm. The paper's central in vivo sensitization/combination claim.
xu_fig6a_regorafenib_20_mg_kg_day7,paper_PMID31349793,huh7_xu_xenograft,huh7_xu_xenograft__regorafenib_20_mg_kg,xu_xenograft_tumor_volume,xenograft_tumor_volume,"Tumor volume, Regorafenib 20 mg/kg, day 7",110.0,mm3,7.0,d,mean tumor volume,"visual digitization uncertainty (pixel-based curve extraction, 400 DPI render, cross-checked)",,,,,annotation_workbook,Figure 6,A,,,PLOT_DIGITIZED,QUANTITATIVE,False,,Dinaciclib+Regorafenib combination gives the flattest curve throughout -- visually additive-to-supra-additive vs either monotherapy arm. The paper's central in vivo sensitization/combination claim.
