record_id,context_key,condition_key,assay_key,observable,observable_raw_label,value,value_unit,time_value,time_unit,statistic,uncertainty_type,uncertainty_value,replicate_count,normalization,normalization_reference,source_key,figure,panel,table,lane,extraction_method,quality_class,is_censored,censoring_limit,notes
obs_1205Lu_annexinV_TNF_alpha,1205lu_in_vitro,1205lu_in_vitro__tnf_alpha_1_ng_ml_48_h,facs_annexin_v,annexinV_positive_fraction,TNF-alpha arm,2.0,%,48,h,percentage of gated cells,visual digitization uncertainty (+/-3-5 percentage points),,,,,figure_2,Figure 2,D,,,PLOT_DIGITIZED,SEMI_QUANTITATIVE,False,,"Digitized from bar height vs y-axis gridlines (0/20/40/60/80/100%); no printed data label on chart, so treated as approximate (±3-5% pixel-reading uncertainty). SEM error bars visible on original figure but not extracted. Phenotype tier: Resistant."
obs_1205Lu_annexinV_birinapant,1205lu_in_vitro,1205lu_in_vitro__birinapant_1000_nm_48_h,facs_annexin_v,annexinV_positive_fraction,birinapant arm,2.0,%,48,h,percentage of gated cells,visual digitization uncertainty (+/-3-5 percentage points),,,,,figure_2,Figure 2,D,,,PLOT_DIGITIZED,SEMI_QUANTITATIVE,False,,"Digitized from bar height vs y-axis gridlines (0/20/40/60/80/100%); no printed data label on chart, so treated as approximate (±3-5% pixel-reading uncertainty). SEM error bars visible on original figure but not extracted. Phenotype tier: Resistant."
obs_1205Lu_annexinV_combination,1205lu_in_vitro,1205lu_in_vitro__birinapant_1000_nm_tnf_alpha_1_ng_ml_48_h,facs_annexin_v,annexinV_positive_fraction,combination arm,13.0,%,48,h,percentage of gated cells,visual digitization uncertainty (+/-3-5 percentage points),,,,,figure_2,Figure 2,D,,,PLOT_DIGITIZED,SEMI_QUANTITATIVE,False,,"Digitized from bar height vs y-axis gridlines (0/20/40/60/80/100%); no printed data label on chart, so treated as approximate (±3-5% pixel-reading uncertainty). SEM error bars visible on original figure but not extracted. Phenotype tier: Resistant."
obs_1205Lu_annexinV_control,1205lu_in_vitro,1205lu_in_vitro__vehicle_control,facs_annexin_v,annexinV_positive_fraction,control arm,2.0,%,48,h,percentage of gated cells,visual digitization uncertainty (+/-3-5 percentage points),,,,,figure_2,Figure 2,D,,,PLOT_DIGITIZED,SEMI_QUANTITATIVE,False,,"Digitized from bar height vs y-axis gridlines (0/20/40/60/80/100%); no printed data label on chart, so treated as approximate (±3-5% pixel-reading uncertainty). SEM error bars visible on original figure but not extracted. Phenotype tier: Resistant."
obs_1205Lu_ciap1_xenograft_12h,1205lu_xenograft,1205lu_xenograft__birinapant_30_mg_kg_ip_twice_at_48_h_interval,western_ciap_xenograft,cIAP1_protein_remaining_pct,"cIAP1 protein remaining (12h post-dose, xenograft)",23.0,% of vehicle control,12.0,h,densitometry normalized to vehicle = 100%,approximate SEM (birinapant_qsp_biomarker_digitization.xlsx Recommended input),15.0,,,,figure_5,Figure 5,B,,,PLOT_DIGITIZED,SEMI_QUANTITATIVE,False,,"Mice dosed twice at 48h interval, tumors harvested at 3h/6h/12h/24h after last dose; densitometry of cIAP1 band normalized to vehicle=100%; sustained depletion through 24h in both lines despite differing in vivo growth response Phenotype tier (in vitro): Resistant (in vitro); partial in vivo response."
obs_1205Lu_ciap1_xenograft_24h,1205lu_xenograft,1205lu_xenograft__birinapant_30_mg_kg_ip_twice_at_48_h_interval,western_ciap_xenograft,cIAP1_protein_remaining_pct,"cIAP1 protein remaining (24h post-dose, xenograft)",28.0,% of vehicle control,24.0,h,densitometry normalized to vehicle = 100%,approximate SEM (birinapant_qsp_biomarker_digitization.xlsx Recommended input),17.0,,,,figure_5,Figure 5,B,,,PLOT_DIGITIZED,SEMI_QUANTITATIVE,False,,"Mice dosed twice at 48h interval, tumors harvested at 3h/6h/12h/24h after last dose; densitometry of cIAP1 band normalized to vehicle=100%; sustained depletion through 24h in both lines despite differing in vivo growth response Phenotype tier (in vitro): Resistant (in vitro); partial in vivo response."
obs_1205Lu_ciap1_xenograft_3h,1205lu_xenograft,1205lu_xenograft__birinapant_30_mg_kg_ip_twice_at_48_h_interval,western_ciap_xenograft,cIAP1_protein_remaining_pct,"cIAP1 protein remaining (3h post-dose, xenograft)",12.0,% of vehicle control,3.0,h,densitometry normalized to vehicle = 100%,approximate SEM (birinapant_qsp_biomarker_digitization.xlsx Recommended input),3.0,,,,figure_5,Figure 5,B,,,PLOT_DIGITIZED,SEMI_QUANTITATIVE,False,,"Mice dosed twice at 48h interval, tumors harvested at 3h/6h/12h/24h after last dose; densitometry of cIAP1 band normalized to vehicle=100%; sustained depletion through 24h in both lines despite differing in vivo growth response Phenotype tier (in vitro): Resistant (in vitro); partial in vivo response."
obs_1205Lu_ciap1_xenograft_6h,1205lu_xenograft,1205lu_xenograft__birinapant_30_mg_kg_ip_twice_at_48_h_interval,western_ciap_xenograft,cIAP1_protein_remaining_pct,"cIAP1 protein remaining (6h post-dose, xenograft)",23.0,% of vehicle control,6.0,h,densitometry normalized to vehicle = 100%,approximate SEM (birinapant_qsp_biomarker_digitization.xlsx Recommended input),20.0,,,,figure_5,Figure 5,B,,,PLOT_DIGITIZED,SEMI_QUANTITATIVE,False,,"Mice dosed twice at 48h interval, tumors harvested at 3h/6h/12h/24h after last dose; densitometry of cIAP1 band normalized to vehicle=100%; sustained depletion through 24h in both lines despite differing in vivo growth response Phenotype tier (in vitro): Resistant (in vitro); partial in vivo response."
obs_1205Lu_ic50_alone,1205lu_in_vitro,1205lu_in_vitro__birinapant_alone_dose_response_72_h,mts_ic50,viability_IC50,IC50 (birinapant alone),,nM,72,h,IC50,,,,,,figure_1,Figure 1,,,,PLOT_DIGITIZED,SEMI_QUANTITATIVE,True,1000.0,"Bar capped at 1000nM (assay ceiling); no numeric data label present, indicating IC50 not reached within tested range Phenotype tier: Resistant."
obs_1205Lu_ic50_tnf_combo,1205lu_in_vitro,1205lu_in_vitro__birinapant_tnf_alpha_1_ng_ml_dose_response_72_h,mts_ic50,viability_IC50,IC50 (birinapant + 1 ng/ml TNF-α),,nM,72,h,IC50,,,,,,figure_1,Figure 1,,,,PLOT_DIGITIZED,SEMI_QUANTITATIVE,True,1000.0,"Bar capped at 1000nM (assay ceiling); no numeric data label present, indicating IC50 not reached within tested range even with TNF-α co-treatment (this line classified 'resistant to combination') Phenotype tier: Resistant."
obs_1205Lu_parp_cleavage_combo,1205lu_in_vitro,1205lu_in_vitro__birinapant_1000_nm_tnf_alpha_1_ng_ml_24_h,western_apoptosis_signaling,PARP_cleavage_status,Absent (89 kDa cleaved PARP fragment),,,24,h,blot presence/absence call,,,,,,figure_2,Figure 2,B,,,BLOT_DENSITOMETRY,SEMI_QUANTITATIVE,False,,"Verified by direct inspection of Figure 2B immunoblot: no cleaved PARP band detectable in 1205Lu even in combination lane, consistent with resistant phenotype. No PARP cleavage detected even with combination (24h); apoptosis pathway blocked downstream Phenotype tier: Resistant."
obs_1205Lu_spheroid_alamarblue_combo,1205lu_spheroid,1205lu_spheroid__birinapant_1000_nm_tnf_alpha_1_ng_ml_72_h_spheroid,spheroid_alamar_blue,spheroid_relative_viability,"Relative viability (Alamar Blue, combination, 72h)",0.69,Relative to untreated control (=1.0),72,h,relative to untreated spheroid control,,,6,,,figure_4,Figure 4,B,,,PLOT_DIGITIZED,QUANTITATIVE,False,,"3D collagen-embedded spheroids, n=6 technical replicates per line, birinapant 1uM + TNF-a 1ng/mL for 72h; confirms monolayer phenotype pattern is conserved in 3D Phenotype tier: Resistant."
obs_1205Lu_subG1_TNF_alpha,1205lu_in_vitro,1205lu_in_vitro__tnf_alpha_1_ng_ml_48_h,facs_subg1,subG1_apoptotic_fraction,TNF-alpha arm,1.0,%,48,h,percentage of gated cells,visual digitization uncertainty (+/-3-5 percentage points),,,,,figure_2,Figure 2,C,,,PLOT_DIGITIZED,SEMI_QUANTITATIVE,False,,"Digitized from bar height vs y-axis gridlines (0/20/40/60/80/100%); no printed data label on chart, so treated as approximate (±3-5% pixel-reading uncertainty). SEM error bars visible on original figure but not extracted. Phenotype tier: Resistant."
obs_1205Lu_subG1_birinapant,1205lu_in_vitro,1205lu_in_vitro__birinapant_1000_nm_48_h,facs_subg1,subG1_apoptotic_fraction,birinapant arm,2.0,%,48,h,percentage of gated cells,visual digitization uncertainty (+/-3-5 percentage points),,,,,figure_2,Figure 2,C,,,PLOT_DIGITIZED,SEMI_QUANTITATIVE,False,,"Digitized from bar height vs y-axis gridlines (0/20/40/60/80/100%); no printed data label on chart, so treated as approximate (±3-5% pixel-reading uncertainty). SEM error bars visible on original figure but not extracted. Phenotype tier: Resistant."
obs_1205Lu_subG1_combination,1205lu_in_vitro,1205lu_in_vitro__birinapant_1000_nm_tnf_alpha_1_ng_ml_48_h,facs_subg1,subG1_apoptotic_fraction,combination arm,3.0,%,48,h,percentage of gated cells,visual digitization uncertainty (+/-3-5 percentage points),,,,,figure_2,Figure 2,C,,,PLOT_DIGITIZED,SEMI_QUANTITATIVE,False,,"Digitized from bar height vs y-axis gridlines (0/20/40/60/80/100%); no printed data label on chart, so treated as approximate (±3-5% pixel-reading uncertainty). SEM error bars visible on original figure but not extracted. Phenotype tier: Resistant."
obs_1205Lu_subG1_control,1205lu_in_vitro,1205lu_in_vitro__vehicle_control,facs_subg1,subG1_apoptotic_fraction,control arm,2.0,%,48,h,percentage of gated cells,visual digitization uncertainty (+/-3-5 percentage points),,,,,figure_2,Figure 2,C,,,PLOT_DIGITIZED,SEMI_QUANTITATIVE,False,,"Digitized from bar height vs y-axis gridlines (0/20/40/60/80/100%); no printed data label on chart, so treated as approximate (±3-5% pixel-reading uncertainty). SEM error bars visible on original figure but not extracted. Phenotype tier: Resistant."
obs_1205Lu_xenograft_birinapant_day1,1205lu_xenograft,1205lu_xenograft__birinapant_30_mg_kg_ip_3x_week,xenograft_tumor_volume,xenograft_tumor_volume_foldchange,"Tumor volume fold-change (day 1, birinapant)",1.0,Fold change vs day of first dosing,1.0,d,fold change vs day of first dosing,,,,,,figure_5,Figure 5,A,,,PLOT_DIGITIZED,QUANTITATIVE,False,,"NUDE mice, n=5/group, IP dosing 3x/week 30mg/kg; p<0.05 at end of treatment for both lines; in 451Lu, 2/5 birinapant-treated animals had unmeasurable tumors at study end Phenotype tier (in vitro): Resistant (in vitro); partial in vivo response."
obs_1205Lu_xenograft_birinapant_day12,1205lu_xenograft,1205lu_xenograft__birinapant_30_mg_kg_ip_3x_week,xenograft_tumor_volume,xenograft_tumor_volume_foldchange,"Tumor volume fold-change (day 12, birinapant)",2.9,Fold change vs day of first dosing,12.0,d,fold change vs day of first dosing,,,,,,figure_5,Figure 5,A,,,PLOT_DIGITIZED,QUANTITATIVE,False,,"NUDE mice, n=5/group, IP dosing 3x/week 30mg/kg; p<0.05 at end of treatment for both lines; in 451Lu, 2/5 birinapant-treated animals had unmeasurable tumors at study end Phenotype tier (in vitro): Resistant (in vitro); partial in vivo response."
obs_1205Lu_xenograft_birinapant_day14,1205lu_xenograft,1205lu_xenograft__birinapant_30_mg_kg_ip_3x_week,xenograft_tumor_volume,xenograft_tumor_volume_foldchange,"Tumor volume fold-change (day 14, birinapant)",3.9,Fold change vs day of first dosing,14.0,d,fold change vs day of first dosing,,,,,,figure_5,Figure 5,A,,,PLOT_DIGITIZED,QUANTITATIVE,False,,"NUDE mice, n=5/group, IP dosing 3x/week 30mg/kg; p<0.05 at end of treatment for both lines; in 451Lu, 2/5 birinapant-treated animals had unmeasurable tumors at study end Phenotype tier (in vitro): Resistant (in vitro); partial in vivo response."
obs_1205Lu_xenograft_birinapant_day16,1205lu_xenograft,1205lu_xenograft__birinapant_30_mg_kg_ip_3x_week,xenograft_tumor_volume,xenograft_tumor_volume_foldchange,"Tumor volume fold-change (day 16, birinapant)",4.4,Fold change vs day of first dosing,16.0,d,fold change vs day of first dosing,,,,,,figure_5,Figure 5,A,,,PLOT_DIGITIZED,QUANTITATIVE,False,,"NUDE mice, n=5/group, IP dosing 3x/week 30mg/kg; p<0.05 at end of treatment for both lines; in 451Lu, 2/5 birinapant-treated animals had unmeasurable tumors at study end Phenotype tier (in vitro): Resistant (in vitro); partial in vivo response."
obs_1205Lu_xenograft_birinapant_day18,1205lu_xenograft,1205lu_xenograft__birinapant_30_mg_kg_ip_3x_week,xenograft_tumor_volume,xenograft_tumor_volume_foldchange,"Tumor volume fold-change (day 18, birinapant)",6.2,Fold change vs day of first dosing,18.0,d,fold change vs day of first dosing,,,,,,figure_5,Figure 5,A,,,PLOT_DIGITIZED,QUANTITATIVE,False,,"NUDE mice, n=5/group, IP dosing 3x/week 30mg/kg; p<0.05 at end of treatment for both lines; in 451Lu, 2/5 birinapant-treated animals had unmeasurable tumors at study end Phenotype tier (in vitro): Resistant (in vitro); partial in vivo response."
obs_1205Lu_xenograft_birinapant_day5,1205lu_xenograft,1205lu_xenograft__birinapant_30_mg_kg_ip_3x_week,xenograft_tumor_volume,xenograft_tumor_volume_foldchange,"Tumor volume fold-change (day 5, birinapant)",1.5,Fold change vs day of first dosing,5.0,d,fold change vs day of first dosing,,,,,,figure_5,Figure 5,A,,,PLOT_DIGITIZED,QUANTITATIVE,False,,"NUDE mice, n=5/group, IP dosing 3x/week 30mg/kg; p<0.05 at end of treatment for both lines; in 451Lu, 2/5 birinapant-treated animals had unmeasurable tumors at study end Phenotype tier (in vitro): Resistant (in vitro); partial in vivo response."
obs_1205Lu_xenograft_birinapant_day8,1205lu_xenograft,1205lu_xenograft__birinapant_30_mg_kg_ip_3x_week,xenograft_tumor_volume,xenograft_tumor_volume_foldchange,"Tumor volume fold-change (day 8, birinapant)",2.1,Fold change vs day of first dosing,8.0,d,fold change vs day of first dosing,,,,,,figure_5,Figure 5,A,,,PLOT_DIGITIZED,QUANTITATIVE,False,,"NUDE mice, n=5/group, IP dosing 3x/week 30mg/kg; p<0.05 at end of treatment for both lines; in 451Lu, 2/5 birinapant-treated animals had unmeasurable tumors at study end Phenotype tier (in vitro): Resistant (in vitro); partial in vivo response."
obs_1205Lu_xenograft_vehicle_day1,1205lu_xenograft,1205lu_xenograft__vehicle_control_xenograft,xenograft_tumor_volume,xenograft_tumor_volume_foldchange,"Tumor volume fold-change (day 1, vehicle)",1.0,Fold change vs day of first dosing,1.0,d,fold change vs day of first dosing,,,,,,figure_5,Figure 5,A,,,PLOT_DIGITIZED,QUANTITATIVE,False,,"NUDE mice, n=5/group, IP dosing 3x/week 30mg/kg birinapant or vehicle, dosing started after palpable tumor formation; digitized from growth curve Phenotype tier (in vitro): Resistant (in vitro); partial in vivo response."
obs_1205Lu_xenograft_vehicle_day12,1205lu_xenograft,1205lu_xenograft__vehicle_control_xenograft,xenograft_tumor_volume,xenograft_tumor_volume_foldchange,"Tumor volume fold-change (day 12, vehicle)",5.2,Fold change vs day of first dosing,12.0,d,fold change vs day of first dosing,,,,,,figure_5,Figure 5,A,,,PLOT_DIGITIZED,QUANTITATIVE,False,,"NUDE mice, n=5/group, IP dosing 3x/week 30mg/kg birinapant or vehicle, dosing started after palpable tumor formation; digitized from growth curve Phenotype tier (in vitro): Resistant (in vitro); partial in vivo response."
obs_1205Lu_xenograft_vehicle_day14,1205lu_xenograft,1205lu_xenograft__vehicle_control_xenograft,xenograft_tumor_volume,xenograft_tumor_volume_foldchange,"Tumor volume fold-change (day 14, vehicle)",7.8,Fold change vs day of first dosing,14.0,d,fold change vs day of first dosing,,,,,,figure_5,Figure 5,A,,,PLOT_DIGITIZED,QUANTITATIVE,False,,"NUDE mice, n=5/group, IP dosing 3x/week 30mg/kg birinapant or vehicle, dosing started after palpable tumor formation; digitized from growth curve Phenotype tier (in vitro): Resistant (in vitro); partial in vivo response."
obs_1205Lu_xenograft_vehicle_day16,1205lu_xenograft,1205lu_xenograft__vehicle_control_xenograft,xenograft_tumor_volume,xenograft_tumor_volume_foldchange,"Tumor volume fold-change (day 16, vehicle)",8.9,Fold change vs day of first dosing,16.0,d,fold change vs day of first dosing,,,,,,figure_5,Figure 5,A,,,PLOT_DIGITIZED,QUANTITATIVE,False,,"NUDE mice, n=5/group, IP dosing 3x/week 30mg/kg birinapant or vehicle, dosing started after palpable tumor formation; digitized from growth curve Phenotype tier (in vitro): Resistant (in vitro); partial in vivo response."
obs_1205Lu_xenograft_vehicle_day18,1205lu_xenograft,1205lu_xenograft__vehicle_control_xenograft,xenograft_tumor_volume,xenograft_tumor_volume_foldchange,"Tumor volume fold-change (day 18, vehicle)",11.9,Fold change vs day of first dosing,18.0,d,fold change vs day of first dosing,,,,,,figure_5,Figure 5,A,,,PLOT_DIGITIZED,QUANTITATIVE,False,,"NUDE mice, n=5/group, IP dosing 3x/week 30mg/kg birinapant or vehicle, dosing started after palpable tumor formation; digitized from growth curve Phenotype tier (in vitro): Resistant (in vitro); partial in vivo response."
obs_1205Lu_xenograft_vehicle_day5,1205lu_xenograft,1205lu_xenograft__vehicle_control_xenograft,xenograft_tumor_volume,xenograft_tumor_volume_foldchange,"Tumor volume fold-change (day 5, vehicle)",2.1,Fold change vs day of first dosing,5.0,d,fold change vs day of first dosing,,,,,,figure_5,Figure 5,A,,,PLOT_DIGITIZED,QUANTITATIVE,False,,"NUDE mice, n=5/group, IP dosing 3x/week 30mg/kg birinapant or vehicle, dosing started after palpable tumor formation; digitized from growth curve Phenotype tier (in vitro): Resistant (in vitro); partial in vivo response."
obs_1205Lu_xenograft_vehicle_day8,1205lu_xenograft,1205lu_xenograft__vehicle_control_xenograft,xenograft_tumor_volume,xenograft_tumor_volume_foldchange,"Tumor volume fold-change (day 8, vehicle)",2.7,Fold change vs day of first dosing,8.0,d,fold change vs day of first dosing,,,,,,figure_5,Figure 5,A,,,PLOT_DIGITIZED,QUANTITATIVE,False,,"NUDE mice, n=5/group, IP dosing 3x/week 30mg/kg birinapant or vehicle, dosing started after palpable tumor formation; digitized from growth curve Phenotype tier (in vitro): Resistant (in vitro); partial in vivo response."
obs_451Lu_annexinV_TNF_alpha,451lu_in_vitro,451lu_in_vitro__tnf_alpha_1_ng_ml_48_h,facs_annexin_v,annexinV_positive_fraction,TNF-alpha arm,9.0,%,48,h,percentage of gated cells,visual digitization uncertainty (+/-3-5 percentage points),,,,,figure_2,Figure 2,D,,,PLOT_DIGITIZED,SEMI_QUANTITATIVE,False,,"Digitized from bar height vs y-axis gridlines (0/20/40/60/80/100%); no printed data label on chart, so treated as approximate (±3-5% pixel-reading uncertainty). SEM error bars visible on original figure but not extracted. Phenotype tier: Combination sensitive."
obs_451Lu_annexinV_birinapant,451lu_in_vitro,451lu_in_vitro__birinapant_1000_nm_48_h,facs_annexin_v,annexinV_positive_fraction,birinapant arm,9.0,%,48,h,percentage of gated cells,visual digitization uncertainty (+/-3-5 percentage points),,,,,figure_2,Figure 2,D,,,PLOT_DIGITIZED,SEMI_QUANTITATIVE,False,,"Digitized from bar height vs y-axis gridlines (0/20/40/60/80/100%); no printed data label on chart, so treated as approximate (±3-5% pixel-reading uncertainty). SEM error bars visible on original figure but not extracted. Phenotype tier: Combination sensitive."
obs_451Lu_annexinV_combination,451lu_in_vitro,451lu_in_vitro__birinapant_1000_nm_tnf_alpha_1_ng_ml_48_h,facs_annexin_v,annexinV_positive_fraction,combination arm,67.0,%,48,h,percentage of gated cells,visual digitization uncertainty (+/-3-5 percentage points),,,,,figure_2,Figure 2,D,,,PLOT_DIGITIZED,SEMI_QUANTITATIVE,False,,"Digitized from bar height vs y-axis gridlines (0/20/40/60/80/100%); no printed data label on chart, so treated as approximate (±3-5% pixel-reading uncertainty). SEM error bars visible on original figure but not extracted. Phenotype tier: Combination sensitive."
obs_451Lu_annexinV_control,451lu_in_vitro,451lu_in_vitro__vehicle_control,facs_annexin_v,annexinV_positive_fraction,control arm,10.0,%,48,h,percentage of gated cells,visual digitization uncertainty (+/-3-5 percentage points),,,,,figure_2,Figure 2,D,,,PLOT_DIGITIZED,SEMI_QUANTITATIVE,False,,"Digitized from bar height vs y-axis gridlines (0/20/40/60/80/100%); no printed data label on chart, so treated as approximate (±3-5% pixel-reading uncertainty). SEM error bars visible on original figure but not extracted. Phenotype tier: Combination sensitive."
obs_451Lu_ciap1_kinetics_0.1uM_1h,451lu_in_vitro,451lu_in_vitro__birinapant_0_1_um_1_h,western_ciap_invitro,cIAP1_protein_level_status,Degraded (near-complete),,,1.0,h,blot intensity call,,,,,,figure_3,Figure 3,A,,,PLOT_DIGITIZED,SEMI_QUANTITATIVE,False,,"cIAP1 band essentially undetectable at ALL tested doses (0.1-10uM) and ALL timepoints (1-24h), including earliest 1h/lowest 0.1uM combination; XIAP unchanged; indicates extremely rapid (sub-1h) and complete target engagement kinetics (k_deg effectively not rate-limiting at these doses) Phenotype tier: None."
obs_451Lu_ciap1_kinetics_0.1uM_24h,451lu_in_vitro,451lu_in_vitro__birinapant_0_1_um_24_h,western_ciap_invitro,cIAP1_protein_level_status,Degraded (near-complete),,,24.0,h,blot intensity call,,,,,,figure_3,Figure 3,A,,,PLOT_DIGITIZED,SEMI_QUANTITATIVE,False,,"cIAP1 band essentially undetectable at ALL tested doses (0.1-10uM) and ALL timepoints (1-24h), including earliest 1h/lowest 0.1uM combination; XIAP unchanged; indicates extremely rapid (sub-1h) and complete target engagement kinetics (k_deg effectively not rate-limiting at these doses) Phenotype tier: None."
obs_451Lu_ciap1_kinetics_0.1uM_6h,451lu_in_vitro,451lu_in_vitro__birinapant_0_1_um_6_h,western_ciap_invitro,cIAP1_protein_level_status,Degraded (near-complete),,,6.0,h,blot intensity call,,,,,,figure_3,Figure 3,A,,,PLOT_DIGITIZED,SEMI_QUANTITATIVE,False,,"cIAP1 band essentially undetectable at ALL tested doses (0.1-10uM) and ALL timepoints (1-24h), including earliest 1h/lowest 0.1uM combination; XIAP unchanged; indicates extremely rapid (sub-1h) and complete target engagement kinetics (k_deg effectively not rate-limiting at these doses) Phenotype tier: None."
obs_451Lu_ciap1_kinetics_10uM_1h,451lu_in_vitro,451lu_in_vitro__birinapant_10_um_1_h,western_ciap_invitro,cIAP1_protein_level_status,Degraded (near-complete),,,1.0,h,blot intensity call,,,,,,figure_3,Figure 3,A,,,PLOT_DIGITIZED,SEMI_QUANTITATIVE,False,,"cIAP1 band essentially undetectable at ALL tested doses (0.1-10uM) and ALL timepoints (1-24h), including earliest 1h/lowest 0.1uM combination; XIAP unchanged; indicates extremely rapid (sub-1h) and complete target engagement kinetics (k_deg effectively not rate-limiting at these doses) Phenotype tier: None."
obs_451Lu_ciap1_kinetics_10uM_24h,451lu_in_vitro,451lu_in_vitro__birinapant_10_um_24_h,western_ciap_invitro,cIAP1_protein_level_status,Degraded (near-complete),,,24.0,h,blot intensity call,,,,,,figure_3,Figure 3,A,,,PLOT_DIGITIZED,SEMI_QUANTITATIVE,False,,"cIAP1 band essentially undetectable at ALL tested doses (0.1-10uM) and ALL timepoints (1-24h), including earliest 1h/lowest 0.1uM combination; XIAP unchanged; indicates extremely rapid (sub-1h) and complete target engagement kinetics (k_deg effectively not rate-limiting at these doses) Phenotype tier: None."
obs_451Lu_ciap1_kinetics_10uM_6h,451lu_in_vitro,451lu_in_vitro__birinapant_10_um_6_h,western_ciap_invitro,cIAP1_protein_level_status,Degraded (near-complete),,,6.0,h,blot intensity call,,,,,,figure_3,Figure 3,A,,,PLOT_DIGITIZED,SEMI_QUANTITATIVE,False,,"cIAP1 band essentially undetectable at ALL tested doses (0.1-10uM) and ALL timepoints (1-24h), including earliest 1h/lowest 0.1uM combination; XIAP unchanged; indicates extremely rapid (sub-1h) and complete target engagement kinetics (k_deg effectively not rate-limiting at these doses) Phenotype tier: None."
obs_451Lu_ciap1_kinetics_1uM_1h,451lu_in_vitro,451lu_in_vitro__birinapant_1_um_1_h,western_ciap_invitro,cIAP1_protein_level_status,Degraded (near-complete),,,1.0,h,blot intensity call,,,,,,figure_3,Figure 3,A,,,PLOT_DIGITIZED,SEMI_QUANTITATIVE,False,,"cIAP1 band essentially undetectable at ALL tested doses (0.1-10uM) and ALL timepoints (1-24h), including earliest 1h/lowest 0.1uM combination; XIAP unchanged; indicates extremely rapid (sub-1h) and complete target engagement kinetics (k_deg effectively not rate-limiting at these doses) Phenotype tier: None."
obs_451Lu_ciap1_kinetics_1uM_24h,451lu_in_vitro,451lu_in_vitro__birinapant_1_um_24_h,western_ciap_invitro,cIAP1_protein_level_status,Degraded (near-complete),,,24.0,h,blot intensity call,,,,,,figure_3,Figure 3,A,,,PLOT_DIGITIZED,SEMI_QUANTITATIVE,False,,"cIAP1 band essentially undetectable at ALL tested doses (0.1-10uM) and ALL timepoints (1-24h), including earliest 1h/lowest 0.1uM combination; XIAP unchanged; indicates extremely rapid (sub-1h) and complete target engagement kinetics (k_deg effectively not rate-limiting at these doses) Phenotype tier: None."
obs_451Lu_ciap1_kinetics_1uM_6h,451lu_in_vitro,451lu_in_vitro__birinapant_1_um_6_h,western_ciap_invitro,cIAP1_protein_level_status,Degraded (near-complete),,,6.0,h,blot intensity call,,,,,,figure_3,Figure 3,A,,,PLOT_DIGITIZED,SEMI_QUANTITATIVE,False,,"cIAP1 band essentially undetectable at ALL tested doses (0.1-10uM) and ALL timepoints (1-24h), including earliest 1h/lowest 0.1uM combination; XIAP unchanged; indicates extremely rapid (sub-1h) and complete target engagement kinetics (k_deg effectively not rate-limiting at these doses) Phenotype tier: None."
obs_451Lu_ciap1_xenograft_12h,451lu_xenograft,451lu_xenograft__birinapant_30_mg_kg_ip_twice_at_48_h_interval,western_ciap_xenograft,cIAP1_protein_remaining_pct,"cIAP1 protein remaining (12h post-dose, xenograft)",8.0,% of vehicle control,12.0,h,densitometry normalized to vehicle = 100%,approximate SEM (birinapant_qsp_biomarker_digitization.xlsx Recommended input),2.0,,,,figure_5,Figure 5,B,,,PLOT_DIGITIZED,SEMI_QUANTITATIVE,False,,"Mice dosed twice at 48h interval, tumors harvested at 3h/6h/12h/24h after last dose; densitometry of cIAP1 band normalized to vehicle=100%; sustained depletion through 24h in both lines despite differing in vivo growth response Phenotype tier (in vitro): Combination sensitive (in vitro); excellent in vivo response."
obs_451Lu_ciap1_xenograft_24h,451lu_xenograft,451lu_xenograft__birinapant_30_mg_kg_ip_twice_at_48_h_interval,western_ciap_xenograft,cIAP1_protein_remaining_pct,"cIAP1 protein remaining (24h post-dose, xenograft)",6.0,% of vehicle control,24.0,h,densitometry normalized to vehicle = 100%,approximate SEM (birinapant_qsp_biomarker_digitization.xlsx Recommended input),4.0,,,,figure_5,Figure 5,B,,,PLOT_DIGITIZED,SEMI_QUANTITATIVE,False,,"Mice dosed twice at 48h interval, tumors harvested at 3h/6h/12h/24h after last dose; densitometry of cIAP1 band normalized to vehicle=100%; sustained depletion through 24h in both lines despite differing in vivo growth response Phenotype tier (in vitro): Combination sensitive (in vitro); excellent in vivo response."
obs_451Lu_ciap1_xenograft_3h,451lu_xenograft,451lu_xenograft__birinapant_30_mg_kg_ip_twice_at_48_h_interval,western_ciap_xenograft,cIAP1_protein_remaining_pct,"cIAP1 protein remaining (3h post-dose, xenograft)",12.0,% of vehicle control,3.0,h,densitometry normalized to vehicle = 100%,approximate SEM (birinapant_qsp_biomarker_digitization.xlsx Recommended input),10.0,,,,figure_5,Figure 5,B,,,PLOT_DIGITIZED,SEMI_QUANTITATIVE,False,,"Mice dosed twice at 48h interval, tumors harvested at 3h/6h/12h/24h after last dose; densitometry of cIAP1 band normalized to vehicle=100%; sustained depletion through 24h in both lines despite differing in vivo growth response Phenotype tier (in vitro): Combination sensitive (in vitro); excellent in vivo response."
obs_451Lu_ciap1_xenograft_6h,451lu_xenograft,451lu_xenograft__birinapant_30_mg_kg_ip_twice_at_48_h_interval,western_ciap_xenograft,cIAP1_protein_remaining_pct,"cIAP1 protein remaining (6h post-dose, xenograft)",9.0,% of vehicle control,6.0,h,densitometry normalized to vehicle = 100%,approximate SEM (birinapant_qsp_biomarker_digitization.xlsx Recommended input),5.0,,,,figure_5,Figure 5,B,,,PLOT_DIGITIZED,SEMI_QUANTITATIVE,False,,"Mice dosed twice at 48h interval, tumors harvested at 3h/6h/12h/24h after last dose; densitometry of cIAP1 band normalized to vehicle=100%; sustained depletion through 24h in both lines despite differing in vivo growth response Phenotype tier (in vitro): Combination sensitive (in vitro); excellent in vivo response."
obs_451Lu_ic50_tnf_combo,451lu_in_vitro,451lu_in_vitro__birinapant_tnf_alpha_1_ng_ml_dose_response_72_h,mts_ic50,viability_IC50,IC50 (birinapant + 1 ng/ml TNF-α),14.2,nM,72,h,IC50,,,,,,figure_1,Figure 1,,,,PLOT_DIGITIZED,QUANTITATIVE,False,,Digitized from Figure 1 bar chart data label (black bar); mean of biological triplicates per figure legend Phenotype tier: Combination sensitive (BRAFV600E).
obs_451Lu_nec1_0uM,451lu_in_vitro,451lu_in_vitro__birinapant_1_um_tnf_alpha_1_ng_ml_necrostatin_1_0_um_72_h,mts_rescue,relative_proliferation_pct,Relative proliferation (Necrostatin-1 0uM),26.0,% relative to untreated control,72,h,percent relative to untreated control,,,,,,figure_3,Figure 3,C,,,PLOT_DIGITIZED,QUANTITATIVE,False,,"1uM birinapant + 1ng/mL TNF-α ± RIP1 kinase inhibitor Necrostatin-1, 72h MTS; RIP1 kinase inhibition rescues proliferation, confirming RIP1-kinase-dependent death Phenotype tier: Combination sensitive."
obs_451Lu_nec1_10uM,451lu_in_vitro,451lu_in_vitro__birinapant_1_um_tnf_alpha_1_ng_ml_necrostatin_1_10_um_72_h,mts_rescue,relative_proliferation_pct,Relative proliferation (Necrostatin-1 10uM),79.0,% relative to untreated control,72,h,percent relative to untreated control,,,,,,figure_3,Figure 3,C,,,PLOT_DIGITIZED,QUANTITATIVE,False,,"1uM birinapant + 1ng/mL TNF-α ± RIP1 kinase inhibitor Necrostatin-1, 72h MTS; RIP1 kinase inhibition rescues proliferation, confirming RIP1-kinase-dependent death Phenotype tier: Combination sensitive."
obs_451Lu_parp_cleavage_combo,451lu_in_vitro,451lu_in_vitro__birinapant_1000_nm_tnf_alpha_1_ng_ml_24_h,western_apoptosis_signaling,PARP_cleavage_status,Present (89 kDa cleaved PARP fragment),,,24,h,blot presence/absence call,,,,,,figure_2,Figure 2,B,,,BLOT_DENSITOMETRY,SEMI_QUANTITATIVE,False,,Verified by direct inspection of Figure 2B immunoblot: cleaved PARP band visible only in 451Lu birinapant+TNF-a combination lane. PARP cleavage detected only with combination (24h); not present with single agents Phenotype tier: Combination sensitive.
obs_451Lu_schedule_TNF_then_birinapant_0nM,451lu_in_vitro,451lu_in_vitro__schedule_tnf_alpha_1_ng_ml_0_36h_then_birinapant_0_nm_36_72h,mts_mechanistic,relative_viability_schedule,"Relative viability (schedule: TNF_then_birinapant, dose 0nM)",1.0,Relative to untreated control,72,h,relative to untreated control,,,,,,figure_6,Figure 6,B,,,PLOT_DIGITIZED,QUANTITATIVE,False,,"451Lu incubated with birinapant (indicated dose) for 36h then TNF-a 1ng/mL for 36h, OR reverse order, 72h total; birinapant-first schedule is more effective at high dose (0.45 vs 0.72 relative viability at 1000nM) Phenotype tier: Combination sensitive."
obs_451Lu_schedule_TNF_then_birinapant_1000nM,451lu_in_vitro,451lu_in_vitro__schedule_tnf_alpha_1_ng_ml_0_36h_then_birinapant_1000_nm_36_72h,mts_mechanistic,relative_viability_schedule,"Relative viability (schedule: TNF_then_birinapant, dose 1000nM)",0.72,Relative to untreated control,72,h,relative to untreated control,,,,,,figure_6,Figure 6,B,,,PLOT_DIGITIZED,QUANTITATIVE,False,,"451Lu incubated with birinapant (indicated dose) for 36h then TNF-a 1ng/mL for 36h, OR reverse order, 72h total; birinapant-first schedule is more effective at high dose (0.45 vs 0.72 relative viability at 1000nM) Phenotype tier: Combination sensitive."
obs_451Lu_schedule_TNF_then_birinapant_100nM,451lu_in_vitro,451lu_in_vitro__schedule_tnf_alpha_1_ng_ml_0_36h_then_birinapant_100_nm_36_72h,mts_mechanistic,relative_viability_schedule,"Relative viability (schedule: TNF_then_birinapant, dose 100nM)",0.8,Relative to untreated control,72,h,relative to untreated control,,,,,,figure_6,Figure 6,B,,,PLOT_DIGITIZED,QUANTITATIVE,False,,"451Lu incubated with birinapant (indicated dose) for 36h then TNF-a 1ng/mL for 36h, OR reverse order, 72h total; birinapant-first schedule is more effective at high dose (0.45 vs 0.72 relative viability at 1000nM) Phenotype tier: Combination sensitive."
obs_451Lu_schedule_TNF_then_birinapant_10nM,451lu_in_vitro,451lu_in_vitro__schedule_tnf_alpha_1_ng_ml_0_36h_then_birinapant_10_nm_36_72h,mts_mechanistic,relative_viability_schedule,"Relative viability (schedule: TNF_then_birinapant, dose 10nM)",0.85,Relative to untreated control,72,h,relative to untreated control,,,,,,figure_6,Figure 6,B,,,PLOT_DIGITIZED,QUANTITATIVE,False,,"451Lu incubated with birinapant (indicated dose) for 36h then TNF-a 1ng/mL for 36h, OR reverse order, 72h total; birinapant-first schedule is more effective at high dose (0.45 vs 0.72 relative viability at 1000nM) Phenotype tier: Combination sensitive."
obs_451Lu_schedule_TNF_then_birinapant_1nM,451lu_in_vitro,451lu_in_vitro__schedule_tnf_alpha_1_ng_ml_0_36h_then_birinapant_1_nm_36_72h,mts_mechanistic,relative_viability_schedule,"Relative viability (schedule: TNF_then_birinapant, dose 1nM)",1.0,Relative to untreated control,72,h,relative to untreated control,,,,,,figure_6,Figure 6,B,,,PLOT_DIGITIZED,QUANTITATIVE,False,,"451Lu incubated with birinapant (indicated dose) for 36h then TNF-a 1ng/mL for 36h, OR reverse order, 72h total; birinapant-first schedule is more effective at high dose (0.45 vs 0.72 relative viability at 1000nM) Phenotype tier: Combination sensitive."
obs_451Lu_schedule_birinapant_then_TNF_0nM,451lu_in_vitro,451lu_in_vitro__schedule_birinapant_0_nm_0_36h_then_tnf_alpha_1_ng_ml_36_72h,mts_mechanistic,relative_viability_schedule,"Relative viability (schedule: birinapant_then_TNF, dose 0nM)",1.0,Relative to untreated control,72,h,relative to untreated control,,,,,,figure_6,Figure 6,B,,,PLOT_DIGITIZED,QUANTITATIVE,False,,"451Lu incubated with birinapant (indicated dose) for 36h then TNF-a 1ng/mL for 36h, OR reverse order, 72h total; birinapant-first schedule is more effective at high dose (0.45 vs 0.72 relative viability at 1000nM) Phenotype tier: Combination sensitive."
obs_451Lu_schedule_birinapant_then_TNF_1000nM,451lu_in_vitro,451lu_in_vitro__schedule_birinapant_1000_nm_0_36h_then_tnf_alpha_1_ng_ml_36_72h,mts_mechanistic,relative_viability_schedule,"Relative viability (schedule: birinapant_then_TNF, dose 1000nM)",0.45,Relative to untreated control,72,h,relative to untreated control,,,,,,figure_6,Figure 6,B,,,PLOT_DIGITIZED,QUANTITATIVE,False,,"451Lu incubated with birinapant (indicated dose) for 36h then TNF-a 1ng/mL for 36h, OR reverse order, 72h total; birinapant-first schedule is more effective at high dose (0.45 vs 0.72 relative viability at 1000nM) Phenotype tier: Combination sensitive."
obs_451Lu_schedule_birinapant_then_TNF_100nM,451lu_in_vitro,451lu_in_vitro__schedule_birinapant_100_nm_0_36h_then_tnf_alpha_1_ng_ml_36_72h,mts_mechanistic,relative_viability_schedule,"Relative viability (schedule: birinapant_then_TNF, dose 100nM)",0.6,Relative to untreated control,72,h,relative to untreated control,,,,,,figure_6,Figure 6,B,,,PLOT_DIGITIZED,QUANTITATIVE,False,,"451Lu incubated with birinapant (indicated dose) for 36h then TNF-a 1ng/mL for 36h, OR reverse order, 72h total; birinapant-first schedule is more effective at high dose (0.45 vs 0.72 relative viability at 1000nM) Phenotype tier: Combination sensitive."
obs_451Lu_schedule_birinapant_then_TNF_10nM,451lu_in_vitro,451lu_in_vitro__schedule_birinapant_10_nm_0_36h_then_tnf_alpha_1_ng_ml_36_72h,mts_mechanistic,relative_viability_schedule,"Relative viability (schedule: birinapant_then_TNF, dose 10nM)",0.95,Relative to untreated control,72,h,relative to untreated control,,,,,,figure_6,Figure 6,B,,,PLOT_DIGITIZED,QUANTITATIVE,False,,"451Lu incubated with birinapant (indicated dose) for 36h then TNF-a 1ng/mL for 36h, OR reverse order, 72h total; birinapant-first schedule is more effective at high dose (0.45 vs 0.72 relative viability at 1000nM) Phenotype tier: Combination sensitive."
obs_451Lu_schedule_birinapant_then_TNF_1nM,451lu_in_vitro,451lu_in_vitro__schedule_birinapant_1_nm_0_36h_then_tnf_alpha_1_ng_ml_36_72h,mts_mechanistic,relative_viability_schedule,"Relative viability (schedule: birinapant_then_TNF, dose 1nM)",1.0,Relative to untreated control,72,h,relative to untreated control,,,,,,figure_6,Figure 6,B,,,PLOT_DIGITIZED,QUANTITATIVE,False,,"451Lu incubated with birinapant (indicated dose) for 36h then TNF-a 1ng/mL for 36h, OR reverse order, 72h total; birinapant-first schedule is more effective at high dose (0.45 vs 0.72 relative viability at 1000nM) Phenotype tier: Combination sensitive."
obs_451Lu_spheroid_alamarblue_combo,451lu_spheroid,451lu_spheroid__birinapant_1000_nm_tnf_alpha_1_ng_ml_72_h_spheroid,spheroid_alamar_blue,spheroid_relative_viability,"Relative viability (Alamar Blue, combination, 72h)",0.35,Relative to untreated control (=1.0),72,h,relative to untreated spheroid control,,,6,,,figure_4,Figure 4,B,,,PLOT_DIGITIZED,QUANTITATIVE,False,,"3D collagen-embedded spheroids, n=6 technical replicates per line, birinapant 1uM + TNF-a 1ng/mL for 72h; confirms monolayer phenotype pattern is conserved in 3D Phenotype tier: Combination sensitive."
obs_451Lu_spheroid_live_dead,451lu_spheroid,451lu_spheroid__birinapant_1000_nm_tnf_alpha_1_ng_ml_72_h_spheroid,spheroid_live_dead,live_dead_spheroid_status,Marked decrease in live cells,,,72,h,qualitative image call,,,,,,figure_4,Figure 4,A,,,PLOT_DIGITIZED,SEMI_QUANTITATIVE,False,,Verified by direct inspection of Figure 4A confocal Live(green)/Dead(red) images: 451Lu combination-treated spheroid shows visibly increased red (dead) signal vs green-dominant control/single-agent spheroids. Confocal microscopy showed marked reduction in live cells (green) and increase in dead cells (red) with combination Phenotype tier: Combination sensitive.
obs_451Lu_subG1_TNF_alpha,451lu_in_vitro,451lu_in_vitro__tnf_alpha_1_ng_ml_48_h,facs_subg1,subG1_apoptotic_fraction,TNF-alpha arm,6.0,%,48,h,percentage of gated cells,visual digitization uncertainty (+/-3-5 percentage points),,,,,figure_2,Figure 2,C,,,PLOT_DIGITIZED,SEMI_QUANTITATIVE,False,,"Digitized from bar height vs y-axis gridlines (0/20/40/60/80/100%); no printed data label on chart, so treated as approximate (±3-5% pixel-reading uncertainty). SEM error bars visible on original figure but not extracted. Phenotype tier: Combination sensitive."
obs_451Lu_subG1_birinapant,451lu_in_vitro,451lu_in_vitro__birinapant_1000_nm_48_h,facs_subg1,subG1_apoptotic_fraction,birinapant arm,6.0,%,48,h,percentage of gated cells,visual digitization uncertainty (+/-3-5 percentage points),,,,,figure_2,Figure 2,C,,,PLOT_DIGITIZED,SEMI_QUANTITATIVE,False,,"Digitized from bar height vs y-axis gridlines (0/20/40/60/80/100%); no printed data label on chart, so treated as approximate (±3-5% pixel-reading uncertainty). SEM error bars visible on original figure but not extracted. Phenotype tier: Combination sensitive."
obs_451Lu_subG1_combination,451lu_in_vitro,451lu_in_vitro__birinapant_1000_nm_tnf_alpha_1_ng_ml_48_h,facs_subg1,subG1_apoptotic_fraction,combination arm,33.0,%,48,h,percentage of gated cells,visual digitization uncertainty (+/-3-5 percentage points),,,,,figure_2,Figure 2,C,,,PLOT_DIGITIZED,SEMI_QUANTITATIVE,False,,"Digitized from bar height vs y-axis gridlines (0/20/40/60/80/100%); no printed data label on chart, so treated as approximate (±3-5% pixel-reading uncertainty). SEM error bars visible on original figure but not extracted. Phenotype tier: Combination sensitive."
obs_451Lu_subG1_control,451lu_in_vitro,451lu_in_vitro__vehicle_control,facs_subg1,subG1_apoptotic_fraction,control arm,5.0,%,48,h,percentage of gated cells,visual digitization uncertainty (+/-3-5 percentage points),,,,,figure_2,Figure 2,C,,,PLOT_DIGITIZED,SEMI_QUANTITATIVE,False,,"Digitized from bar height vs y-axis gridlines (0/20/40/60/80/100%); no printed data label on chart, so treated as approximate (±3-5% pixel-reading uncertainty). SEM error bars visible on original figure but not extracted. Phenotype tier: Combination sensitive."
obs_451Lu_xenograft_birinapant_day1,451lu_xenograft,451lu_xenograft__birinapant_30_mg_kg_ip_3x_week,xenograft_tumor_volume,xenograft_tumor_volume_foldchange,"Tumor volume fold-change (day 1, birinapant)",1.0,Fold change vs day of first dosing,1.0,d,fold change vs day of first dosing,,,,,,figure_5,Figure 5,A,,,PLOT_DIGITIZED,QUANTITATIVE,False,,"NUDE mice, n=5/group, IP dosing 3x/week 30mg/kg; p<0.05 at end of treatment for both lines; in 451Lu, 2/5 birinapant-treated animals had unmeasurable tumors at study end Phenotype tier (in vitro): Combination sensitive (in vitro); excellent in vivo response."
obs_451Lu_xenograft_birinapant_day15,451lu_xenograft,451lu_xenograft__birinapant_30_mg_kg_ip_3x_week,xenograft_tumor_volume,xenograft_tumor_volume_foldchange,"Tumor volume fold-change (day 15, birinapant)",1.4,Fold change vs day of first dosing,15.0,d,fold change vs day of first dosing,,,,,,figure_5,Figure 5,A,,,PLOT_DIGITIZED,QUANTITATIVE,False,,"NUDE mice, n=5/group, IP dosing 3x/week 30mg/kg; p<0.05 at end of treatment for both lines; in 451Lu, 2/5 birinapant-treated animals had unmeasurable tumors at study end Phenotype tier (in vitro): Combination sensitive (in vitro); excellent in vivo response."
obs_451Lu_xenograft_birinapant_day22,451lu_xenograft,451lu_xenograft__birinapant_30_mg_kg_ip_3x_week,xenograft_tumor_volume,xenograft_tumor_volume_foldchange,"Tumor volume fold-change (day 22, birinapant)",1.0,Fold change vs day of first dosing,22.0,d,fold change vs day of first dosing,,,,,,figure_5,Figure 5,A,,,PLOT_DIGITIZED,QUANTITATIVE,False,,"NUDE mice, n=5/group, IP dosing 3x/week 30mg/kg; p<0.05 at end of treatment for both lines; in 451Lu, 2/5 birinapant-treated animals had unmeasurable tumors at study end Phenotype tier (in vitro): Combination sensitive (in vitro); excellent in vivo response."
obs_451Lu_xenograft_birinapant_day8,451lu_xenograft,451lu_xenograft__birinapant_30_mg_kg_ip_3x_week,xenograft_tumor_volume,xenograft_tumor_volume_foldchange,"Tumor volume fold-change (day 8, birinapant)",0.95,Fold change vs day of first dosing,8.0,d,fold change vs day of first dosing,,,,,,figure_5,Figure 5,A,,,PLOT_DIGITIZED,QUANTITATIVE,False,,"NUDE mice, n=5/group, IP dosing 3x/week 30mg/kg; p<0.05 at end of treatment for both lines; in 451Lu, 2/5 birinapant-treated animals had unmeasurable tumors at study end Phenotype tier (in vitro): Combination sensitive (in vitro); excellent in vivo response."
obs_451Lu_xenograft_vehicle_day1,451lu_xenograft,451lu_xenograft__vehicle_control_xenograft,xenograft_tumor_volume,xenograft_tumor_volume_foldchange,"Tumor volume fold-change (day 1, vehicle)",1.0,Fold change vs day of first dosing,1.0,d,fold change vs day of first dosing,,,,,,figure_5,Figure 5,A,,,PLOT_DIGITIZED,QUANTITATIVE,False,,"NUDE mice, n=5/group, IP dosing 3x/week 30mg/kg birinapant or vehicle, dosing started after palpable tumor formation; digitized from growth curve Phenotype tier (in vitro): Combination sensitive (in vitro); excellent in vivo response."
obs_451Lu_xenograft_vehicle_day15,451lu_xenograft,451lu_xenograft__vehicle_control_xenograft,xenograft_tumor_volume,xenograft_tumor_volume_foldchange,"Tumor volume fold-change (day 15, vehicle)",4.05,Fold change vs day of first dosing,15.0,d,fold change vs day of first dosing,,,,,,figure_5,Figure 5,A,,,PLOT_DIGITIZED,QUANTITATIVE,False,,"NUDE mice, n=5/group, IP dosing 3x/week 30mg/kg birinapant or vehicle, dosing started after palpable tumor formation; digitized from growth curve Phenotype tier (in vitro): Combination sensitive (in vitro); excellent in vivo response."
obs_451Lu_xenograft_vehicle_day22,451lu_xenograft,451lu_xenograft__vehicle_control_xenograft,xenograft_tumor_volume,xenograft_tumor_volume_foldchange,"Tumor volume fold-change (day 22, vehicle)",4.7,Fold change vs day of first dosing,22.0,d,fold change vs day of first dosing,,,,,,figure_5,Figure 5,A,,,PLOT_DIGITIZED,QUANTITATIVE,False,,"NUDE mice, n=5/group, IP dosing 3x/week 30mg/kg birinapant or vehicle, dosing started after palpable tumor formation; digitized from growth curve Phenotype tier (in vitro): Combination sensitive (in vitro); excellent in vivo response."
obs_451Lu_xenograft_vehicle_day8,451lu_xenograft,451lu_xenograft__vehicle_control_xenograft,xenograft_tumor_volume,xenograft_tumor_volume_foldchange,"Tumor volume fold-change (day 8, vehicle)",3.3,Fold change vs day of first dosing,8.0,d,fold change vs day of first dosing,,,,,,figure_5,Figure 5,A,,,PLOT_DIGITIZED,QUANTITATIVE,False,,"NUDE mice, n=5/group, IP dosing 3x/week 30mg/kg birinapant or vehicle, dosing started after palpable tumor formation; digitized from growth curve Phenotype tier (in vitro): Combination sensitive (in vitro); excellent in vivo response."
obs_451Lu_zvadfmk_0uM,451lu_in_vitro,451lu_in_vitro__birinapant_1_um_tnf_alpha_1_ng_ml_z_vad_fmk_0_um_72_h,mts_rescue,relative_proliferation_pct,Relative proliferation (Z-VAD-FMK 0uM),28.0,% relative to untreated control,72,h,percent relative to untreated control,,,,,,figure_3,Figure 3,B,,,PLOT_DIGITIZED,QUANTITATIVE,False,,"1uM birinapant + 1ng/mL TNF-α ± pan-caspase inhibitor Z-VAD-FMK, 72h MTS; caspase inhibition rescues proliferation, confirming caspase-dependent death Phenotype tier: Combination sensitive."
obs_451Lu_zvadfmk_10uM,451lu_in_vitro,451lu_in_vitro__birinapant_1_um_tnf_alpha_1_ng_ml_z_vad_fmk_10_um_72_h,mts_rescue,relative_proliferation_pct,Relative proliferation (Z-VAD-FMK 10uM),93.0,% relative to untreated control,72,h,percent relative to untreated control,,,,,,figure_3,Figure 3,B,,,PLOT_DIGITIZED,QUANTITATIVE,False,,"1uM birinapant + 1ng/mL TNF-α ± pan-caspase inhibitor Z-VAD-FMK, 72h MTS; caspase inhibition rescues proliferation, confirming caspase-dependent death Phenotype tier: Combination sensitive."
obs_C8161_ic50_alone,c8161_in_vitro,c8161_in_vitro__birinapant_alone_dose_response_72_h,mts_ic50,viability_IC50,IC50 (birinapant alone),,nM,72,h,IC50,,,,,,figure_1,Figure 1,,,,PLOT_DIGITIZED,SEMI_QUANTITATIVE,True,1000.0,"Bar capped at 1000nM (assay ceiling); no numeric data label present, indicating IC50 not reached within tested range Phenotype tier: Resistant."
obs_C8161_ic50_tnf_combo,c8161_in_vitro,c8161_in_vitro__birinapant_tnf_alpha_1_ng_ml_dose_response_72_h,mts_ic50,viability_IC50,IC50 (birinapant + 1 ng/ml TNF-α),,nM,72,h,IC50,,,,,,figure_1,Figure 1,,,,PLOT_DIGITIZED,SEMI_QUANTITATIVE,True,1000.0,"Bar capped at 1000nM (assay ceiling); no numeric data label present, indicating IC50 not reached within tested range even with TNF-α co-treatment (this line classified 'resistant to combination') Phenotype tier: Resistant."
obs_UACC62_ic50_alone,uacc_62_in_vitro,uacc_62_in_vitro__birinapant_alone_dose_response_72_h,mts_ic50,viability_IC50,IC50 (birinapant alone),,nM,72,h,IC50,,,,,,figure_1,Figure 1,,,,PLOT_DIGITIZED,SEMI_QUANTITATIVE,True,1000.0,"Bar capped at 1000nM (assay ceiling); no numeric data label present, indicating IC50 not reached within tested range Phenotype tier: Resistant."
obs_UACC62_ic50_tnf_combo,uacc_62_in_vitro,uacc_62_in_vitro__birinapant_tnf_alpha_1_ng_ml_dose_response_72_h,mts_ic50,viability_IC50,IC50 (birinapant + 1 ng/ml TNF-α),,nM,72,h,IC50,,,,,,figure_1,Figure 1,,,,PLOT_DIGITIZED,SEMI_QUANTITATIVE,True,1000.0,"Bar capped at 1000nM (assay ceiling); no numeric data label present, indicating IC50 not reached within tested range even with TNF-α co-treatment (this line classified 'resistant to combination') Phenotype tier: Resistant."
obs_WM1341D_ic50_tnf_combo,wm1341d_in_vitro,wm1341d_in_vitro__birinapant_tnf_alpha_1_ng_ml_dose_response_72_h,mts_ic50,viability_IC50,IC50 (birinapant + 1 ng/ml TNF-α),57.6,nM,72,h,IC50,,,,,,figure_1,Figure 1,,,,PLOT_DIGITIZED,QUANTITATIVE,False,,Digitized from Figure 1 bar chart data label (black bar); mean of biological triplicates per figure legend Phenotype tier: Combination sensitive.
obs_WM1366_annexinV_TNF_alpha,wm1366_in_vitro,wm1366_in_vitro__tnf_alpha_1_ng_ml_48_h,facs_annexin_v,annexinV_positive_fraction,TNF-alpha arm,11.0,%,48,h,percentage of gated cells,visual digitization uncertainty (+/-3-5 percentage points),,,,,figure_2,Figure 2,D,,,PLOT_DIGITIZED,SEMI_QUANTITATIVE,False,,"Digitized from bar height vs y-axis gridlines (0/20/40/60/80/100%); no printed data label on chart, so treated as approximate (±3-5% pixel-reading uncertainty). SEM error bars visible on original figure but not extracted. Phenotype tier: Combination sensitive."
obs_WM1366_annexinV_birinapant,wm1366_in_vitro,wm1366_in_vitro__birinapant_1000_nm_48_h,facs_annexin_v,annexinV_positive_fraction,birinapant arm,9.0,%,48,h,percentage of gated cells,visual digitization uncertainty (+/-3-5 percentage points),,,,,figure_2,Figure 2,D,,,PLOT_DIGITIZED,SEMI_QUANTITATIVE,False,,"Digitized from bar height vs y-axis gridlines (0/20/40/60/80/100%); no printed data label on chart, so treated as approximate (±3-5% pixel-reading uncertainty). SEM error bars visible on original figure but not extracted. Phenotype tier: Combination sensitive."
obs_WM1366_annexinV_combination,wm1366_in_vitro,wm1366_in_vitro__birinapant_1000_nm_tnf_alpha_1_ng_ml_48_h,facs_annexin_v,annexinV_positive_fraction,combination arm,90.0,%,48,h,percentage of gated cells,visual digitization uncertainty (+/-3-5 percentage points),,,,,figure_2,Figure 2,D,,,PLOT_DIGITIZED,SEMI_QUANTITATIVE,False,,"Digitized from bar height vs y-axis gridlines (0/20/40/60/80/100%); no printed data label on chart, so treated as approximate (±3-5% pixel-reading uncertainty). SEM error bars visible on original figure but not extracted. Phenotype tier: Combination sensitive."
obs_WM1366_annexinV_control,wm1366_in_vitro,wm1366_in_vitro__vehicle_control,facs_annexin_v,annexinV_positive_fraction,control arm,4.0,%,48,h,percentage of gated cells,visual digitization uncertainty (+/-3-5 percentage points),,,,,figure_2,Figure 2,D,,,PLOT_DIGITIZED,SEMI_QUANTITATIVE,False,,"Digitized from bar height vs y-axis gridlines (0/20/40/60/80/100%); no printed data label on chart, so treated as approximate (±3-5% pixel-reading uncertainty). SEM error bars visible on original figure but not extracted. Phenotype tier: Combination sensitive."
obs_WM1366_ic50_tnf_combo,wm1366_in_vitro,wm1366_in_vitro__birinapant_tnf_alpha_1_ng_ml_dose_response_72_h,mts_ic50,viability_IC50,IC50 (birinapant + 1 ng/ml TNF-α),7.9,nM,72,h,IC50,,,,,,figure_1,Figure 1,,,,PLOT_DIGITIZED,QUANTITATIVE,False,,Digitized from Figure 1 bar chart data label (black bar); mean of biological triplicates per figure legend Phenotype tier: Combination sensitive (NRASQ61L).
obs_WM1366_nec1_0uM,wm1366_in_vitro,wm1366_in_vitro__birinapant_1_um_tnf_alpha_1_ng_ml_necrostatin_1_0_um_72_h,mts_rescue,relative_proliferation_pct,Relative proliferation (Necrostatin-1 0uM),62.0,% relative to untreated control,72,h,percent relative to untreated control,,,,,,figure_3,Figure 3,C,,,PLOT_DIGITIZED,QUANTITATIVE,False,,"1uM birinapant + 1ng/mL TNF-α ± RIP1 kinase inhibitor Necrostatin-1, 72h MTS; RIP1 kinase inhibition rescues proliferation, confirming RIP1-kinase-dependent death Phenotype tier: Combination sensitive."
obs_WM1366_nec1_10uM,wm1366_in_vitro,wm1366_in_vitro__birinapant_1_um_tnf_alpha_1_ng_ml_necrostatin_1_10_um_72_h,mts_rescue,relative_proliferation_pct,Relative proliferation (Necrostatin-1 10uM),122.0,% relative to untreated control,72,h,percent relative to untreated control,,,,,,figure_3,Figure 3,C,,,PLOT_DIGITIZED,QUANTITATIVE,False,,"1uM birinapant + 1ng/mL TNF-α ± RIP1 kinase inhibitor Necrostatin-1, 72h MTS; RIP1 kinase inhibition rescues proliferation, confirming RIP1-kinase-dependent death Phenotype tier: Combination sensitive."
obs_WM1366_parp_cleavage_combo,wm1366_in_vitro,wm1366_in_vitro__birinapant_1000_nm_tnf_alpha_1_ng_ml_24_h,western_apoptosis_signaling,PARP_cleavage_status,Present (89 kDa cleaved PARP fragment),,,24,h,blot presence/absence call,,,,,,figure_2,Figure 2,B,,,BLOT_DENSITOMETRY,SEMI_QUANTITATIVE,False,,Verified by direct inspection of Figure 2B immunoblot: cleaved PARP band visible only in WM1366 combination lane. PARP cleavage detected with combination only (24h) Phenotype tier: Combination sensitive.
obs_WM1366_spheroid_alamarblue_combo,wm1366_spheroid,wm1366_spheroid__birinapant_1000_nm_tnf_alpha_1_ng_ml_72_h_spheroid,spheroid_alamar_blue,spheroid_relative_viability,"Relative viability (Alamar Blue, combination, 72h)",0.22,Relative to untreated control (=1.0),72,h,relative to untreated spheroid control,,,6,,,figure_4,Figure 4,B,,,PLOT_DIGITIZED,QUANTITATIVE,False,,"3D collagen-embedded spheroids, n=6 technical replicates per line, birinapant 1uM + TNF-a 1ng/mL for 72h; confirms monolayer phenotype pattern is conserved in 3D Phenotype tier: Combination sensitive."
obs_WM1366_subG1_TNF_alpha,wm1366_in_vitro,wm1366_in_vitro__tnf_alpha_1_ng_ml_48_h,facs_subg1,subG1_apoptotic_fraction,TNF-alpha arm,2.0,%,48,h,percentage of gated cells,visual digitization uncertainty (+/-3-5 percentage points),,,,,figure_2,Figure 2,C,,,PLOT_DIGITIZED,SEMI_QUANTITATIVE,False,,"Digitized from bar height vs y-axis gridlines (0/20/40/60/80/100%); no printed data label on chart, so treated as approximate (±3-5% pixel-reading uncertainty). SEM error bars visible on original figure but not extracted. Phenotype tier: Combination sensitive."
obs_WM1366_subG1_birinapant,wm1366_in_vitro,wm1366_in_vitro__birinapant_1000_nm_48_h,facs_subg1,subG1_apoptotic_fraction,birinapant arm,4.0,%,48,h,percentage of gated cells,visual digitization uncertainty (+/-3-5 percentage points),,,,,figure_2,Figure 2,C,,,PLOT_DIGITIZED,SEMI_QUANTITATIVE,False,,"Digitized from bar height vs y-axis gridlines (0/20/40/60/80/100%); no printed data label on chart, so treated as approximate (±3-5% pixel-reading uncertainty). SEM error bars visible on original figure but not extracted. Phenotype tier: Combination sensitive."
obs_WM1366_subG1_combination,wm1366_in_vitro,wm1366_in_vitro__birinapant_1000_nm_tnf_alpha_1_ng_ml_48_h,facs_subg1,subG1_apoptotic_fraction,combination arm,8.0,%,48,h,percentage of gated cells,visual digitization uncertainty (+/-3-5 percentage points),,,,,figure_2,Figure 2,C,,,PLOT_DIGITIZED,SEMI_QUANTITATIVE,False,,"Digitized from bar height vs y-axis gridlines (0/20/40/60/80/100%); no printed data label on chart, so treated as approximate (±3-5% pixel-reading uncertainty). SEM error bars visible on original figure but not extracted. Phenotype tier: Combination sensitive."
obs_WM1366_subG1_control,wm1366_in_vitro,wm1366_in_vitro__vehicle_control,facs_subg1,subG1_apoptotic_fraction,control arm,2.0,%,48,h,percentage of gated cells,visual digitization uncertainty (+/-3-5 percentage points),,,,,figure_2,Figure 2,C,,,PLOT_DIGITIZED,SEMI_QUANTITATIVE,False,,"Digitized from bar height vs y-axis gridlines (0/20/40/60/80/100%); no printed data label on chart, so treated as approximate (±3-5% pixel-reading uncertainty). SEM error bars visible on original figure but not extracted. Phenotype tier: Combination sensitive."
obs_WM1366_zvadfmk_0uM,wm1366_in_vitro,wm1366_in_vitro__birinapant_1_um_tnf_alpha_1_ng_ml_z_vad_fmk_0_um_72_h,mts_rescue,relative_proliferation_pct,Relative proliferation (Z-VAD-FMK 0uM),62.0,% relative to untreated control,72,h,percent relative to untreated control,,,,,,figure_3,Figure 3,B,,,PLOT_DIGITIZED,QUANTITATIVE,False,,"1uM birinapant + 1ng/mL TNF-α ± pan-caspase inhibitor Z-VAD-FMK, 72h MTS; caspase inhibition rescues proliferation, confirming caspase-dependent death Phenotype tier: Combination sensitive."
obs_WM1366_zvadfmk_10uM,wm1366_in_vitro,wm1366_in_vitro__birinapant_1_um_tnf_alpha_1_ng_ml_z_vad_fmk_10_um_72_h,mts_rescue,relative_proliferation_pct,Relative proliferation (Z-VAD-FMK 10uM),110.0,% relative to untreated control,72,h,percent relative to untreated control,,,,,,figure_3,Figure 3,B,,,PLOT_DIGITIZED,QUANTITATIVE,False,,"1uM birinapant + 1ng/mL TNF-α ± pan-caspase inhibitor Z-VAD-FMK, 72h MTS; caspase inhibition rescues proliferation, confirming caspase-dependent death Phenotype tier: Combination sensitive."
obs_WM164_ic50_tnf_combo,wm164_in_vitro,wm164_in_vitro__birinapant_tnf_alpha_1_ng_ml_dose_response_72_h,mts_ic50,viability_IC50,IC50 (birinapant + 1 ng/ml TNF-α),9.0,nM,72,h,IC50,,,,,,figure_1,Figure 1,,,,PLOT_DIGITIZED,QUANTITATIVE,False,,Digitized from Figure 1 bar chart data label (black bar); mean of biological triplicates per figure legend Phenotype tier: Combination sensitive.
obs_WM1799_ic50_alone,wm1799_in_vitro,wm1799_in_vitro__birinapant_alone_dose_response_72_h,mts_ic50,viability_IC50,IC50 (birinapant alone),,nM,72,h,IC50,,,,,,figure_1,Figure 1,,,,PLOT_DIGITIZED,SEMI_QUANTITATIVE,True,1000.0,"Bar capped at 1000nM (assay ceiling); no numeric data label present, indicating IC50 not reached within tested range Phenotype tier: Resistant."
obs_WM1799_ic50_tnf_combo,wm1799_in_vitro,wm1799_in_vitro__birinapant_tnf_alpha_1_ng_ml_dose_response_72_h,mts_ic50,viability_IC50,IC50 (birinapant + 1 ng/ml TNF-α),,nM,72,h,IC50,,,,,,figure_1,Figure 1,,,,PLOT_DIGITIZED,SEMI_QUANTITATIVE,True,1000.0,"Bar capped at 1000nM (assay ceiling); no numeric data label present, indicating IC50 not reached within tested range even with TNF-α co-treatment (this line classified 'resistant to combination') Phenotype tier: Resistant."
obs_WM1985_ic50_tnf_combo,wm1985_in_vitro,wm1985_in_vitro__birinapant_tnf_alpha_1_ng_ml_dose_response_72_h,mts_ic50,viability_IC50,IC50 (birinapant + 1 ng/ml TNF-α),97.0,nM,72,h,IC50,,,,,,figure_1,Figure 1,,,,PLOT_DIGITIZED,QUANTITATIVE,False,,Digitized from Figure 1 bar chart data label (black bar); mean of biological triplicates per figure legend Phenotype tier: Combination sensitive.
obs_WM3130_ic50_tnf_combo,wm3130_in_vitro,wm3130_in_vitro__birinapant_tnf_alpha_1_ng_ml_dose_response_72_h,mts_ic50,viability_IC50,IC50 (birinapant + 1 ng/ml TNF-α),64.3,nM,72,h,IC50,,,,,,figure_1,Figure 1,,,,PLOT_DIGITIZED,QUANTITATIVE,False,,Digitized from Figure 1 bar chart data label (black bar); mean of biological triplicates per figure legend Phenotype tier: Combination sensitive.
obs_WM3670_ic50_alone,wm3670_in_vitro,wm3670_in_vitro__birinapant_alone_dose_response_72_h,mts_ic50,viability_IC50,IC50 (birinapant alone),,nM,72,h,IC50,,,,,,figure_1,Figure 1,,,,PLOT_DIGITIZED,SEMI_QUANTITATIVE,True,1000.0,"Bar capped at 1000nM (assay ceiling); no numeric data label present, indicating IC50 not reached within tested range Phenotype tier: Resistant."
obs_WM3670_ic50_tnf_combo,wm3670_in_vitro,wm3670_in_vitro__birinapant_tnf_alpha_1_ng_ml_dose_response_72_h,mts_ic50,viability_IC50,IC50 (birinapant + 1 ng/ml TNF-α),,nM,72,h,IC50,,,,,,figure_1,Figure 1,,,,PLOT_DIGITIZED,SEMI_QUANTITATIVE,True,1000.0,"Bar capped at 1000nM (assay ceiling); no numeric data label present, indicating IC50 not reached within tested range even with TNF-α co-treatment (this line classified 'resistant to combination') Phenotype tier: Resistant."
obs_WM3854_ic50_tnf_combo,wm3854_in_vitro,wm3854_in_vitro__birinapant_tnf_alpha_1_ng_ml_dose_response_72_h,mts_ic50,viability_IC50,IC50 (birinapant + 1 ng/ml TNF-α),226.0,nM,72,h,IC50,,,,,,figure_1,Figure 1,,,,PLOT_DIGITIZED,QUANTITATIVE,False,,Digitized from Figure 1 bar chart data label (black bar); mean of biological triplicates per figure legend Phenotype tier: Combination sensitive.
obs_WM3918_ic50_alone,wm3918_in_vitro,wm3918_in_vitro__birinapant_alone_dose_response_72_h,mts_ic50,viability_IC50,IC50 (birinapant alone),,nM,72,h,IC50,,,,,,figure_1,Figure 1,,,,PLOT_DIGITIZED,SEMI_QUANTITATIVE,True,1000.0,"Bar capped at 1000nM (assay ceiling); no numeric data label present, indicating IC50 not reached within tested range Phenotype tier: Resistant."
obs_WM3918_ic50_tnf_combo,wm3918_in_vitro,wm3918_in_vitro__birinapant_tnf_alpha_1_ng_ml_dose_response_72_h,mts_ic50,viability_IC50,IC50 (birinapant + 1 ng/ml TNF-α),,nM,72,h,IC50,,,,,,figure_1,Figure 1,,,,PLOT_DIGITIZED,SEMI_QUANTITATIVE,True,1000.0,"Bar capped at 1000nM (assay ceiling); no numeric data label present, indicating IC50 not reached within tested range even with TNF-α co-treatment (this line classified 'resistant to combination') Phenotype tier: Resistant."
obs_WM793B_ic50_tnf_combo,wm793b_in_vitro,wm793b_in_vitro__birinapant_tnf_alpha_1_ng_ml_dose_response_72_h,mts_ic50,viability_IC50,IC50 (birinapant + 1 ng/ml TNF-α),2.5,nM,72,h,IC50,,,,,,figure_1,Figure 1,,,,PLOT_DIGITIZED,QUANTITATIVE,False,,Digitized from Figure 1 bar chart data label (black bar); mean of biological triplicates per figure legend Phenotype tier: Combination sensitive.
obs_WM8_ic50_alone,wm8_in_vitro,wm8_in_vitro__birinapant_alone_dose_response_72_h,mts_ic50,viability_IC50,IC50 (birinapant alone),,nM,72,h,IC50,,,,,,figure_1,Figure 1,,,,PLOT_DIGITIZED,SEMI_QUANTITATIVE,True,1000.0,"Bar capped at 1000nM (assay ceiling); no numeric data label present, indicating IC50 not reached within tested range Phenotype tier: Resistant."
obs_WM8_ic50_tnf_combo,wm8_in_vitro,wm8_in_vitro__birinapant_tnf_alpha_1_ng_ml_dose_response_72_h,mts_ic50,viability_IC50,IC50 (birinapant + 1 ng/ml TNF-α),,nM,72,h,IC50,,,,,,figure_1,Figure 1,,,,PLOT_DIGITIZED,SEMI_QUANTITATIVE,True,1000.0,"Bar capped at 1000nM (assay ceiling); no numeric data label present, indicating IC50 not reached within tested range even with TNF-α co-treatment (this line classified 'resistant to combination') Phenotype tier: Resistant."
obs_WM9_annexinV_TNF_alpha,wm9_in_vitro,wm9_in_vitro__tnf_alpha_1_ng_ml_48_h,facs_annexin_v,annexinV_positive_fraction,TNF-alpha arm,6.0,%,48,h,percentage of gated cells,visual digitization uncertainty (+/-3-5 percentage points),,,,,figure_2,Figure 2,D,,,PLOT_DIGITIZED,SEMI_QUANTITATIVE,False,,"Digitized from bar height vs y-axis gridlines (0/20/40/60/80/100%); no printed data label on chart, so treated as approximate (±3-5% pixel-reading uncertainty). SEM error bars visible on original figure but not extracted. Phenotype tier: Single agent sensitive."
obs_WM9_annexinV_birinapant,wm9_in_vitro,wm9_in_vitro__birinapant_1000_nm_48_h,facs_annexin_v,annexinV_positive_fraction,birinapant arm,21.0,%,48,h,percentage of gated cells,visual digitization uncertainty (+/-3-5 percentage points),,,,,figure_2,Figure 2,D,,,PLOT_DIGITIZED,SEMI_QUANTITATIVE,False,,"Digitized from bar height vs y-axis gridlines (0/20/40/60/80/100%); no printed data label on chart, so treated as approximate (±3-5% pixel-reading uncertainty). SEM error bars visible on original figure but not extracted. Phenotype tier: Single agent sensitive."
obs_WM9_annexinV_combination,wm9_in_vitro,wm9_in_vitro__birinapant_1000_nm_tnf_alpha_1_ng_ml_48_h,facs_annexin_v,annexinV_positive_fraction,combination arm,81.0,%,48,h,percentage of gated cells,visual digitization uncertainty (+/-3-5 percentage points),,,,,figure_2,Figure 2,D,,,PLOT_DIGITIZED,SEMI_QUANTITATIVE,False,,"Digitized from bar height vs y-axis gridlines (0/20/40/60/80/100%); no printed data label on chart, so treated as approximate (±3-5% pixel-reading uncertainty). SEM error bars visible on original figure but not extracted. Phenotype tier: Single agent sensitive."
obs_WM9_annexinV_control,wm9_in_vitro,wm9_in_vitro__vehicle_control,facs_annexin_v,annexinV_positive_fraction,control arm,5.0,%,48,h,percentage of gated cells,visual digitization uncertainty (+/-3-5 percentage points),,,,,figure_2,Figure 2,D,,,PLOT_DIGITIZED,SEMI_QUANTITATIVE,False,,"Digitized from bar height vs y-axis gridlines (0/20/40/60/80/100%); no printed data label on chart, so treated as approximate (±3-5% pixel-reading uncertainty). SEM error bars visible on original figure but not extracted. Phenotype tier: Single agent sensitive."
obs_WM9_fig6a_birinapant_0nM,wm9_in_vitro,wm9_in_vitro__birinapant_0_nm_72_h,mts_mechanistic,MTS_absorbance_490nm,"Absorption 490nm (birinapant dose-response, Fig6A)",1.05,Absorption at 490nm,72,h,absorbance at 490 nm,,,,,,figure_6,Figure 6,A,,,PLOT_DIGITIZED,QUANTITATIVE,False,,"WM9 birinapant dose-response (72h MTS), companion curve to TNF-a mAb blocking experiment on same panel Phenotype tier: Single agent sensitive."
obs_WM9_fig6a_birinapant_1000nM,wm9_in_vitro,wm9_in_vitro__birinapant_1000_nm_72_h,mts_mechanistic,MTS_absorbance_490nm,"Absorption 490nm (birinapant dose-response, Fig6A)",0.35,Absorption at 490nm,72,h,absorbance at 490 nm,,,,,,figure_6,Figure 6,A,,,PLOT_DIGITIZED,QUANTITATIVE,False,,"WM9 birinapant dose-response (72h MTS), companion curve to TNF-a mAb blocking experiment on same panel Phenotype tier: Single agent sensitive."
obs_WM9_fig6a_birinapant_100nM,wm9_in_vitro,wm9_in_vitro__birinapant_100_nm_72_h,mts_mechanistic,MTS_absorbance_490nm,"Absorption 490nm (birinapant dose-response, Fig6A)",0.32,Absorption at 490nm,72,h,absorbance at 490 nm,,,,,,figure_6,Figure 6,A,,,PLOT_DIGITIZED,QUANTITATIVE,False,,"WM9 birinapant dose-response (72h MTS), companion curve to TNF-a mAb blocking experiment on same panel Phenotype tier: Single agent sensitive."
obs_WM9_fig6a_birinapant_10nM,wm9_in_vitro,wm9_in_vitro__birinapant_10_nm_72_h,mts_mechanistic,MTS_absorbance_490nm,"Absorption 490nm (birinapant dose-response, Fig6A)",0.58,Absorption at 490nm,72,h,absorbance at 490 nm,,,,,,figure_6,Figure 6,A,,,PLOT_DIGITIZED,QUANTITATIVE,False,,"WM9 birinapant dose-response (72h MTS), companion curve to TNF-a mAb blocking experiment on same panel Phenotype tier: Single agent sensitive."
obs_WM9_fig6a_birinapant_1nM,wm9_in_vitro,wm9_in_vitro__birinapant_1_nm_72_h,mts_mechanistic,MTS_absorbance_490nm,"Absorption 490nm (birinapant dose-response, Fig6A)",1.05,Absorption at 490nm,72,h,absorbance at 490 nm,,,,,,figure_6,Figure 6,A,,,PLOT_DIGITIZED,QUANTITATIVE,False,,"WM9 birinapant dose-response (72h MTS), companion curve to TNF-a mAb blocking experiment on same panel Phenotype tier: Single agent sensitive."
obs_WM9_ic50_alone,wm9_in_vitro,wm9_in_vitro__birinapant_alone_dose_response_72_h,mts_ic50,viability_IC50,IC50 (birinapant alone),2.7,nM,72,h,IC50,,,,,,figure_1,Figure 1,,,,PLOT_DIGITIZED,QUANTITATIVE,False,,"Digitized from Figure 1 bar chart data label (grey bar); mean of biological triplicates per figure legend. WM9 is the only line with a sub-1000nM single-agent IC50; all other 'sensitive' lines' grey (alone) bars are capped at >1000nM (not reached) per Results text: 'Only one cell line (WM9, BRAFV600E) out of seventeen showed a response to birinapant [alone]'. Phenotype tier: Single agent sensitive (BRAFV600E)."
obs_WM9_ic50_tnf_combo,wm9_in_vitro,wm9_in_vitro__birinapant_tnf_alpha_1_ng_ml_dose_response_72_h,mts_ic50,viability_IC50,IC50 (birinapant + 1 ng/ml TNF-α),2.4,nM,72,h,IC50,,,,,,figure_1,Figure 1,,,,PLOT_DIGITIZED,QUANTITATIVE,False,,Digitized from Figure 1 bar chart data label (black bar); mean of biological triplicates per figure legend Phenotype tier: Single agent sensitive (BRAFV600E).
obs_WM9_nfkb_p65_decrease,wm9_in_vitro,wm9_in_vitro__birinapant_1000_nm_24_h,western_apoptosis_signaling,NFkB_p65_protein_level_status,Decreased,,,24,h,blot intensity call,,,,,,figure_2,Figure 2,B,,,BLOT_DENSITOMETRY,SEMI_QUANTITATIVE,False,,Verified by direct inspection of Figure 2B immunoblot: NF-kB p65 band intensity visibly reduced in WM9 birinapant-treated lanes relative to untreated. Decrease in NF-κB p65 protein levels observed in WM9 only; not observed in combination-sensitive or resistant lines Phenotype tier: Single agent sensitive.
obs_WM9_parp_cleavage_birinapant,wm9_in_vitro,wm9_in_vitro__birinapant_1000_nm_24_h,western_apoptosis_signaling,PARP_cleavage_status,Present (89 kDa cleaved PARP fragment),,,24,h,blot presence/absence call,,,,,,figure_2,Figure 2,B,,,BLOT_DENSITOMETRY,SEMI_QUANTITATIVE,False,,"Verified by direct inspection of Figure 2B immunoblot: cleaved PARP band clearly visible in WM9 birinapant-alone lane, absent in untreated/TNF-a-alone lanes. PARP cleavage detected in WM9 with birinapant alone (24h); indicative of caspase-3/7 activation Phenotype tier: Single agent sensitive."
obs_WM9_spheroid_alamarblue_combo,wm9_spheroid,wm9_spheroid__birinapant_1000_nm_tnf_alpha_1_ng_ml_72_h_spheroid,spheroid_alamar_blue,spheroid_relative_viability,"Relative viability (Alamar Blue, combination, 72h)",0.02,Relative to untreated control (=1.0),72,h,relative to untreated spheroid control,,,6,,,figure_4,Figure 4,B,,,PLOT_DIGITIZED,QUANTITATIVE,False,,"3D collagen-embedded spheroids, n=6 technical replicates per line, birinapant 1uM + TNF-a 1ng/mL for 72h; confirms monolayer phenotype pattern is conserved in 3D Phenotype tier: Single agent sensitive."
obs_WM9_subG1_TNF_alpha,wm9_in_vitro,wm9_in_vitro__tnf_alpha_1_ng_ml_48_h,facs_subg1,subG1_apoptotic_fraction,TNF-alpha arm,3.0,%,48,h,percentage of gated cells,visual digitization uncertainty (+/-3-5 percentage points),,,,,figure_2,Figure 2,C,,,PLOT_DIGITIZED,SEMI_QUANTITATIVE,False,,"Digitized from bar height vs y-axis gridlines (0/20/40/60/80/100%); no printed data label on chart, so treated as approximate (±3-5% pixel-reading uncertainty). SEM error bars visible on original figure but not extracted. Phenotype tier: Single agent sensitive."
obs_WM9_subG1_birinapant,wm9_in_vitro,wm9_in_vitro__birinapant_1000_nm_48_h,facs_subg1,subG1_apoptotic_fraction,birinapant arm,41.0,%,48,h,percentage of gated cells,visual digitization uncertainty (+/-3-5 percentage points),,,,,figure_2,Figure 2,C,,,PLOT_DIGITIZED,SEMI_QUANTITATIVE,False,,"Digitized from bar height vs y-axis gridlines (0/20/40/60/80/100%); no printed data label on chart, so treated as approximate (±3-5% pixel-reading uncertainty). SEM error bars visible on original figure but not extracted. Phenotype tier: Single agent sensitive."
obs_WM9_subG1_combination,wm9_in_vitro,wm9_in_vitro__birinapant_1000_nm_tnf_alpha_1_ng_ml_48_h,facs_subg1,subG1_apoptotic_fraction,combination arm,40.0,%,48,h,percentage of gated cells,visual digitization uncertainty (+/-3-5 percentage points),,,,,figure_2,Figure 2,C,,,PLOT_DIGITIZED,SEMI_QUANTITATIVE,False,,"Digitized from bar height vs y-axis gridlines (0/20/40/60/80/100%); no printed data label on chart, so treated as approximate (±3-5% pixel-reading uncertainty). SEM error bars visible on original figure but not extracted. Phenotype tier: Single agent sensitive."
obs_WM9_subG1_control,wm9_in_vitro,wm9_in_vitro__vehicle_control,facs_subg1,subG1_apoptotic_fraction,control arm,3.0,%,48,h,percentage of gated cells,visual digitization uncertainty (+/-3-5 percentage points),,,,,figure_2,Figure 2,C,,,PLOT_DIGITIZED,SEMI_QUANTITATIVE,False,,"Digitized from bar height vs y-axis gridlines (0/20/40/60/80/100%); no printed data label on chart, so treated as approximate (±3-5% pixel-reading uncertainty). SEM error bars visible on original figure but not extracted. Phenotype tier: Single agent sensitive."
obs_WM9_tnf_mab_blocking_0.001ugml,wm9_in_vitro,wm9_in_vitro__birinapant_1000_nm_tnf_alpha_blocking_mab_0_001_ug_ml_72_h,mts_mechanistic,MTS_absorbance_490nm_TNF_mAb_blocking,Absorption 490nm (TNF-α mAb 0.001 ug/mL),0.3,Absorption at 490nm,72,h,absorbance at 490 nm,,,,,,figure_6,Figure 6,A,,,PLOT_DIGITIZED,QUANTITATIVE,False,,"WM9 treated with birinapant 1uM + increasing doses of TNF-a neutralizing mAb (0.001 ug/mL), 72h MTS; dose-dependent rescue of viability confirms endogenous-TNF-a dependency of WM9 single-agent sensitivity Phenotype tier: Single agent sensitive."
obs_WM9_tnf_mab_blocking_0.01ugml,wm9_in_vitro,wm9_in_vitro__birinapant_1000_nm_tnf_alpha_blocking_mab_0_01_ug_ml_72_h,mts_mechanistic,MTS_absorbance_490nm_TNF_mAb_blocking,Absorption 490nm (TNF-α mAb 0.01 ug/mL),0.32,Absorption at 490nm,72,h,absorbance at 490 nm,,,,,,figure_6,Figure 6,A,,,PLOT_DIGITIZED,QUANTITATIVE,False,,"WM9 treated with birinapant 1uM + increasing doses of TNF-a neutralizing mAb (0.01 ug/mL), 72h MTS; dose-dependent rescue of viability confirms endogenous-TNF-a dependency of WM9 single-agent sensitivity Phenotype tier: Single agent sensitive."
obs_WM9_tnf_mab_blocking_0.1ugml,wm9_in_vitro,wm9_in_vitro__birinapant_1000_nm_tnf_alpha_blocking_mab_0_1_ug_ml_72_h,mts_mechanistic,MTS_absorbance_490nm_TNF_mAb_blocking,Absorption 490nm (TNF-α mAb 0.1 ug/mL),0.6,Absorption at 490nm,72,h,absorbance at 490 nm,,,,,,figure_6,Figure 6,A,,,PLOT_DIGITIZED,QUANTITATIVE,False,,"WM9 treated with birinapant 1uM + increasing doses of TNF-a neutralizing mAb (0.1 ug/mL), 72h MTS; dose-dependent rescue of viability confirms endogenous-TNF-a dependency of WM9 single-agent sensitivity Phenotype tier: Single agent sensitive."
obs_WM9_tnf_mab_blocking_10ugml,wm9_in_vitro,wm9_in_vitro__birinapant_1000_nm_tnf_alpha_blocking_mab_10_ug_ml_72_h,mts_mechanistic,MTS_absorbance_490nm_TNF_mAb_blocking,Absorption 490nm (TNF-α mAb 10 ug/mL),0.72,Absorption at 490nm,72,h,absorbance at 490 nm,,,,,,figure_6,Figure 6,A,,,PLOT_DIGITIZED,QUANTITATIVE,False,,"WM9 treated with birinapant 1uM + increasing doses of TNF-a neutralizing mAb (10 ug/mL), 72h MTS; dose-dependent rescue of viability confirms endogenous-TNF-a dependency of WM9 single-agent sensitivity Phenotype tier: Single agent sensitive."
obs_WM9_tnf_mab_blocking_1ugml,wm9_in_vitro,wm9_in_vitro__birinapant_1000_nm_tnf_alpha_blocking_mab_1_ug_ml_72_h,mts_mechanistic,MTS_absorbance_490nm_TNF_mAb_blocking,Absorption 490nm (TNF-α mAb 1 ug/mL),0.72,Absorption at 490nm,72,h,absorbance at 490 nm,,,,,,figure_6,Figure 6,A,,,PLOT_DIGITIZED,QUANTITATIVE,False,,"WM9 treated with birinapant 1uM + increasing doses of TNF-a neutralizing mAb (1 ug/mL), 72h MTS; dose-dependent rescue of viability confirms endogenous-TNF-a dependency of WM9 single-agent sensitivity Phenotype tier: Single agent sensitive."
obs_WTH202_ic50_tnf_combo,wth202_in_vitro,wth202_in_vitro__birinapant_tnf_alpha_1_ng_ml_dose_response_72_h,mts_ic50,viability_IC50,IC50 (birinapant + 1 ng/ml TNF-α),1.8,nM,72,h,IC50,,,,,,figure_1,Figure 1,,,,PLOT_DIGITIZED,QUANTITATIVE,False,,Digitized from Figure 1 bar chart data label (black bar); mean of biological triplicates per figure legend Phenotype tier: Combination sensitive.
obs_caspase3_activation_xenograft_1205lu,1205lu_xenograft,1205lu_xenograft__birinapant_30_mg_kg_ip_24_h_post_dose,caspase3_ihc_xenograft,caspase3_IHC_status,Modest increase,,,24,h,qualitative image call,,,,,,figure_5,Figure 5,C,,,PLOT_DIGITIZED,SEMI_QUANTITATIVE,False,,"Verified by direct inspection of Figure 5C IHC images: visibly increased brown/purple staining in 24h-post-birinapant tumor sections vs vehicle for both 451Lu and 1205Lu, though 1205Lu increase is more modest. Modest increase in apoptotic cells at 24h post-treatment in both models; paraffin-embedded section IHC staining Applies to both 451Lu and 1205Lu xenografts per the source row; 1205Lu increase is described as more modest."
obs_caspase3_activation_xenograft_451lu,451lu_xenograft,451lu_xenograft__birinapant_30_mg_kg_ip_24_h_post_dose,caspase3_ihc_xenograft,caspase3_IHC_status,Modest increase,,,24,h,qualitative image call,,,,,,figure_5,Figure 5,C,,,PLOT_DIGITIZED,SEMI_QUANTITATIVE,False,,"Verified by direct inspection of Figure 5C IHC images: visibly increased brown/purple staining in 24h-post-birinapant tumor sections vs vehicle for both 451Lu and 1205Lu, though 1205Lu increase is more modest. Modest increase in apoptotic cells at 24h post-treatment in both models; paraffin-embedded section IHC staining Applies to both 451Lu and 1205Lu xenografts per the source row; 1205Lu increase is described as more modest."
obs_fig6c_451Lu-BR_TNFa_0nM,451lu_br_in_vitro,451lu_br_in_vitro__birinapant_0_nm_tnf_alpha_1_ng_ml_72_h,mts_mechanistic,relative_viability_braf_crossresistance,"Relative viability (451Lu-BR TNFa, 0nM)",1.0,Relative to untreated control,72,h,relative to untreated control,,,,,,figure_6,Figure 6,C,,,PLOT_DIGITIZED,QUANTITATIVE,False,,"451Lu-BR = 451Lu subline with acquired BRAF-inhibitor resistance (RAF isoform switch + IGF-1R/PI3K upregulation); dose-response nearly identical to parental for both alone and +TNF-a curves, confirming no cross-resistance between BRAFi resistance and birinapant+TNF-a sensitivity Phenotype tier: Combination sensitive (BRAFi-resistant, no cross-resistance)."
obs_fig6c_451Lu-BR_TNFa_1000nM,451lu_br_in_vitro,451lu_br_in_vitro__birinapant_1000_nm_tnf_alpha_1_ng_ml_72_h,mts_mechanistic,relative_viability_braf_crossresistance,"Relative viability (451Lu-BR TNFa, 1000nM)",0.18,Relative to untreated control,72,h,relative to untreated control,,,,,,figure_6,Figure 6,C,,,PLOT_DIGITIZED,QUANTITATIVE,False,,"451Lu-BR = 451Lu subline with acquired BRAF-inhibitor resistance (RAF isoform switch + IGF-1R/PI3K upregulation); dose-response nearly identical to parental for both alone and +TNF-a curves, confirming no cross-resistance between BRAFi resistance and birinapant+TNF-a sensitivity Phenotype tier: Combination sensitive (BRAFi-resistant, no cross-resistance)."
obs_fig6c_451Lu-BR_TNFa_100nM,451lu_br_in_vitro,451lu_br_in_vitro__birinapant_100_nm_tnf_alpha_1_ng_ml_72_h,mts_mechanistic,relative_viability_braf_crossresistance,"Relative viability (451Lu-BR TNFa, 100nM)",0.3,Relative to untreated control,72,h,relative to untreated control,,,,,,figure_6,Figure 6,C,,,PLOT_DIGITIZED,QUANTITATIVE,False,,"451Lu-BR = 451Lu subline with acquired BRAF-inhibitor resistance (RAF isoform switch + IGF-1R/PI3K upregulation); dose-response nearly identical to parental for both alone and +TNF-a curves, confirming no cross-resistance between BRAFi resistance and birinapant+TNF-a sensitivity Phenotype tier: Combination sensitive (BRAFi-resistant, no cross-resistance)."
obs_fig6c_451Lu-BR_TNFa_10nM,451lu_br_in_vitro,451lu_br_in_vitro__birinapant_10_nm_tnf_alpha_1_ng_ml_72_h,mts_mechanistic,relative_viability_braf_crossresistance,"Relative viability (451Lu-BR TNFa, 10nM)",0.6,Relative to untreated control,72,h,relative to untreated control,,,,,,figure_6,Figure 6,C,,,PLOT_DIGITIZED,QUANTITATIVE,False,,"451Lu-BR = 451Lu subline with acquired BRAF-inhibitor resistance (RAF isoform switch + IGF-1R/PI3K upregulation); dose-response nearly identical to parental for both alone and +TNF-a curves, confirming no cross-resistance between BRAFi resistance and birinapant+TNF-a sensitivity Phenotype tier: Combination sensitive (BRAFi-resistant, no cross-resistance)."
obs_fig6c_451Lu-BR_TNFa_1nM,451lu_br_in_vitro,451lu_br_in_vitro__birinapant_1_nm_tnf_alpha_1_ng_ml_72_h,mts_mechanistic,relative_viability_braf_crossresistance,"Relative viability (451Lu-BR TNFa, 1nM)",0.9,Relative to untreated control,72,h,relative to untreated control,,,,,,figure_6,Figure 6,C,,,PLOT_DIGITIZED,QUANTITATIVE,False,,"451Lu-BR = 451Lu subline with acquired BRAF-inhibitor resistance (RAF isoform switch + IGF-1R/PI3K upregulation); dose-response nearly identical to parental for both alone and +TNF-a curves, confirming no cross-resistance between BRAFi resistance and birinapant+TNF-a sensitivity Phenotype tier: Combination sensitive (BRAFi-resistant, no cross-resistance)."
obs_fig6c_451Lu-BR_alone_0nM,451lu_br_in_vitro,451lu_br_in_vitro__birinapant_0_nm_72_h,mts_mechanistic,relative_viability_braf_crossresistance,"Relative viability (451Lu-BR alone, 0nM)",1.0,Relative to untreated control,72,h,relative to untreated control,,,,,,figure_6,Figure 6,C,,,PLOT_DIGITIZED,QUANTITATIVE,False,,"451Lu-BR = 451Lu subline with acquired BRAF-inhibitor resistance (RAF isoform switch + IGF-1R/PI3K upregulation); dose-response nearly identical to parental for both alone and +TNF-a curves, confirming no cross-resistance between BRAFi resistance and birinapant+TNF-a sensitivity Phenotype tier: Combination sensitive (BRAFi-resistant, no cross-resistance)."
obs_fig6c_451Lu-BR_alone_1000nM,451lu_br_in_vitro,451lu_br_in_vitro__birinapant_1000_nm_72_h,mts_mechanistic,relative_viability_braf_crossresistance,"Relative viability (451Lu-BR alone, 1000nM)",0.9,Relative to untreated control,72,h,relative to untreated control,,,,,,figure_6,Figure 6,C,,,PLOT_DIGITIZED,QUANTITATIVE,False,,"451Lu-BR = 451Lu subline with acquired BRAF-inhibitor resistance (RAF isoform switch + IGF-1R/PI3K upregulation); dose-response nearly identical to parental for both alone and +TNF-a curves, confirming no cross-resistance between BRAFi resistance and birinapant+TNF-a sensitivity Phenotype tier: Combination sensitive (BRAFi-resistant, no cross-resistance)."
obs_fig6c_451Lu-BR_alone_100nM,451lu_br_in_vitro,451lu_br_in_vitro__birinapant_100_nm_72_h,mts_mechanistic,relative_viability_braf_crossresistance,"Relative viability (451Lu-BR alone, 100nM)",0.95,Relative to untreated control,72,h,relative to untreated control,,,,,,figure_6,Figure 6,C,,,PLOT_DIGITIZED,QUANTITATIVE,False,,"451Lu-BR = 451Lu subline with acquired BRAF-inhibitor resistance (RAF isoform switch + IGF-1R/PI3K upregulation); dose-response nearly identical to parental for both alone and +TNF-a curves, confirming no cross-resistance between BRAFi resistance and birinapant+TNF-a sensitivity Phenotype tier: Combination sensitive (BRAFi-resistant, no cross-resistance)."
obs_fig6c_451Lu-BR_alone_10nM,451lu_br_in_vitro,451lu_br_in_vitro__birinapant_10_nm_72_h,mts_mechanistic,relative_viability_braf_crossresistance,"Relative viability (451Lu-BR alone, 10nM)",0.98,Relative to untreated control,72,h,relative to untreated control,,,,,,figure_6,Figure 6,C,,,PLOT_DIGITIZED,QUANTITATIVE,False,,"451Lu-BR = 451Lu subline with acquired BRAF-inhibitor resistance (RAF isoform switch + IGF-1R/PI3K upregulation); dose-response nearly identical to parental for both alone and +TNF-a curves, confirming no cross-resistance between BRAFi resistance and birinapant+TNF-a sensitivity Phenotype tier: Combination sensitive (BRAFi-resistant, no cross-resistance)."
obs_fig6c_451Lu-BR_alone_1nM,451lu_br_in_vitro,451lu_br_in_vitro__birinapant_1_nm_72_h,mts_mechanistic,relative_viability_braf_crossresistance,"Relative viability (451Lu-BR alone, 1nM)",1.0,Relative to untreated control,72,h,relative to untreated control,,,,,,figure_6,Figure 6,C,,,PLOT_DIGITIZED,QUANTITATIVE,False,,"451Lu-BR = 451Lu subline with acquired BRAF-inhibitor resistance (RAF isoform switch + IGF-1R/PI3K upregulation); dose-response nearly identical to parental for both alone and +TNF-a curves, confirming no cross-resistance between BRAFi resistance and birinapant+TNF-a sensitivity Phenotype tier: Combination sensitive (BRAFi-resistant, no cross-resistance)."
obs_fig6c_451Lu_TNFa_0nM,451lu_in_vitro,451lu_in_vitro__birinapant_0_nm_tnf_alpha_1_ng_ml_72_h,mts_mechanistic,relative_viability_braf_crossresistance,"Relative viability (451Lu TNFa, 0nM)",1.0,Relative to untreated control,72,h,relative to untreated control,,,,,,figure_6,Figure 6,C,,,PLOT_DIGITIZED,QUANTITATIVE,False,,"451Lu-BR = 451Lu subline with acquired BRAF-inhibitor resistance (RAF isoform switch + IGF-1R/PI3K upregulation); dose-response nearly identical to parental for both alone and +TNF-a curves, confirming no cross-resistance between BRAFi resistance and birinapant+TNF-a sensitivity Phenotype tier: Combination sensitive (parental)."
obs_fig6c_451Lu_TNFa_1000nM,451lu_in_vitro,451lu_in_vitro__birinapant_1000_nm_tnf_alpha_1_ng_ml_72_h,mts_mechanistic,relative_viability_braf_crossresistance,"Relative viability (451Lu TNFa, 1000nM)",0.2,Relative to untreated control,72,h,relative to untreated control,,,,,,figure_6,Figure 6,C,,,PLOT_DIGITIZED,QUANTITATIVE,False,,"451Lu-BR = 451Lu subline with acquired BRAF-inhibitor resistance (RAF isoform switch + IGF-1R/PI3K upregulation); dose-response nearly identical to parental for both alone and +TNF-a curves, confirming no cross-resistance between BRAFi resistance and birinapant+TNF-a sensitivity Phenotype tier: Combination sensitive (parental)."
obs_fig6c_451Lu_TNFa_100nM,451lu_in_vitro,451lu_in_vitro__birinapant_100_nm_tnf_alpha_1_ng_ml_72_h,mts_mechanistic,relative_viability_braf_crossresistance,"Relative viability (451Lu TNFa, 100nM)",0.32,Relative to untreated control,72,h,relative to untreated control,,,,,,figure_6,Figure 6,C,,,PLOT_DIGITIZED,QUANTITATIVE,False,,"451Lu-BR = 451Lu subline with acquired BRAF-inhibitor resistance (RAF isoform switch + IGF-1R/PI3K upregulation); dose-response nearly identical to parental for both alone and +TNF-a curves, confirming no cross-resistance between BRAFi resistance and birinapant+TNF-a sensitivity Phenotype tier: Combination sensitive (parental)."
obs_fig6c_451Lu_TNFa_10nM,451lu_in_vitro,451lu_in_vitro__birinapant_10_nm_tnf_alpha_1_ng_ml_72_h,mts_mechanistic,relative_viability_braf_crossresistance,"Relative viability (451Lu TNFa, 10nM)",0.65,Relative to untreated control,72,h,relative to untreated control,,,,,,figure_6,Figure 6,C,,,PLOT_DIGITIZED,QUANTITATIVE,False,,"451Lu-BR = 451Lu subline with acquired BRAF-inhibitor resistance (RAF isoform switch + IGF-1R/PI3K upregulation); dose-response nearly identical to parental for both alone and +TNF-a curves, confirming no cross-resistance between BRAFi resistance and birinapant+TNF-a sensitivity Phenotype tier: Combination sensitive (parental)."
obs_fig6c_451Lu_TNFa_1nM,451lu_in_vitro,451lu_in_vitro__birinapant_1_nm_tnf_alpha_1_ng_ml_72_h,mts_mechanistic,relative_viability_braf_crossresistance,"Relative viability (451Lu TNFa, 1nM)",1.05,Relative to untreated control,72,h,relative to untreated control,,,,,,figure_6,Figure 6,C,,,PLOT_DIGITIZED,QUANTITATIVE,False,,"451Lu-BR = 451Lu subline with acquired BRAF-inhibitor resistance (RAF isoform switch + IGF-1R/PI3K upregulation); dose-response nearly identical to parental for both alone and +TNF-a curves, confirming no cross-resistance between BRAFi resistance and birinapant+TNF-a sensitivity Phenotype tier: Combination sensitive (parental)."
obs_fig6c_451Lu_alone_0nM,451lu_in_vitro,451lu_in_vitro__birinapant_0_nm_72_h,mts_mechanistic,relative_viability_braf_crossresistance,"Relative viability (451Lu alone, 0nM)",1.0,Relative to untreated control,72,h,relative to untreated control,,,,,,figure_6,Figure 6,C,,,PLOT_DIGITIZED,QUANTITATIVE,False,,"451Lu-BR = 451Lu subline with acquired BRAF-inhibitor resistance (RAF isoform switch + IGF-1R/PI3K upregulation); dose-response nearly identical to parental for both alone and +TNF-a curves, confirming no cross-resistance between BRAFi resistance and birinapant+TNF-a sensitivity Phenotype tier: Combination sensitive (parental)."
obs_fig6c_451Lu_alone_1000nM,451lu_in_vitro,451lu_in_vitro__birinapant_1000_nm_72_h,mts_mechanistic,relative_viability_braf_crossresistance,"Relative viability (451Lu alone, 1000nM)",1.0,Relative to untreated control,72,h,relative to untreated control,,,,,,figure_6,Figure 6,C,,,PLOT_DIGITIZED,QUANTITATIVE,False,,"451Lu-BR = 451Lu subline with acquired BRAF-inhibitor resistance (RAF isoform switch + IGF-1R/PI3K upregulation); dose-response nearly identical to parental for both alone and +TNF-a curves, confirming no cross-resistance between BRAFi resistance and birinapant+TNF-a sensitivity Phenotype tier: Combination sensitive (parental)."
obs_fig6c_451Lu_alone_100nM,451lu_in_vitro,451lu_in_vitro__birinapant_100_nm_72_h,mts_mechanistic,relative_viability_braf_crossresistance,"Relative viability (451Lu alone, 100nM)",1.1,Relative to untreated control,72,h,relative to untreated control,,,,,,figure_6,Figure 6,C,,,PLOT_DIGITIZED,QUANTITATIVE,False,,"451Lu-BR = 451Lu subline with acquired BRAF-inhibitor resistance (RAF isoform switch + IGF-1R/PI3K upregulation); dose-response nearly identical to parental for both alone and +TNF-a curves, confirming no cross-resistance between BRAFi resistance and birinapant+TNF-a sensitivity Phenotype tier: Combination sensitive (parental)."
obs_fig6c_451Lu_alone_10nM,451lu_in_vitro,451lu_in_vitro__birinapant_10_nm_72_h,mts_mechanistic,relative_viability_braf_crossresistance,"Relative viability (451Lu alone, 10nM)",1.13,Relative to untreated control,72,h,relative to untreated control,,,,,,figure_6,Figure 6,C,,,PLOT_DIGITIZED,QUANTITATIVE,False,,"451Lu-BR = 451Lu subline with acquired BRAF-inhibitor resistance (RAF isoform switch + IGF-1R/PI3K upregulation); dose-response nearly identical to parental for both alone and +TNF-a curves, confirming no cross-resistance between BRAFi resistance and birinapant+TNF-a sensitivity Phenotype tier: Combination sensitive (parental)."
obs_fig6c_451Lu_alone_1nM,451lu_in_vitro,451lu_in_vitro__birinapant_1_nm_72_h,mts_mechanistic,relative_viability_braf_crossresistance,"Relative viability (451Lu alone, 1nM)",1.15,Relative to untreated control,72,h,relative to untreated control,,,,,,figure_6,Figure 6,C,,,PLOT_DIGITIZED,QUANTITATIVE,False,,"451Lu-BR = 451Lu subline with acquired BRAF-inhibitor resistance (RAF isoform switch + IGF-1R/PI3K upregulation); dose-response nearly identical to parental for both alone and +TNF-a curves, confirming no cross-resistance between BRAFi resistance and birinapant+TNF-a sensitivity Phenotype tier: Combination sensitive (parental)."
obs_fig6d_cisplatin_alone_0uM,451lu_in_vitro,451lu_in_vitro__cisplatin_0_um_72_h,mts_mechanistic,relative_viability_cisplatin_combo,"Relative viability (cisplatin alone, cisplatin 0uM)",1.0,Relative to untreated control,72,h,relative to untreated control,,,,,,figure_6,Figure 6,D,,,PLOT_DIGITIZED,QUANTITATIVE,False,,"Cisplatin dose-response alone vs combined with fixed 100nM birinapant, 72h MTS; birinapant left-shifts the cisplatin dose-response curve, indicating chemosensitization Phenotype tier: Combination with chemotherapy. Source cell line label is ambiguous ('451Lu (or panel line)'); mapped to the 451Lu in vitro context as the best-supported reading (Figure 6 otherwise centers on 451Lu)."
obs_fig6d_cisplatin_alone_10uM,451lu_in_vitro,451lu_in_vitro__cisplatin_10_um_72_h,mts_mechanistic,relative_viability_cisplatin_combo,"Relative viability (cisplatin alone, cisplatin 10uM)",0.35,Relative to untreated control,72,h,relative to untreated control,,,,,,figure_6,Figure 6,D,,,PLOT_DIGITIZED,QUANTITATIVE,False,,"Cisplatin dose-response alone vs combined with fixed 100nM birinapant, 72h MTS; birinapant left-shifts the cisplatin dose-response curve, indicating chemosensitization Phenotype tier: Combination with chemotherapy. Source cell line label is ambiguous ('451Lu (or panel line)'); mapped to the 451Lu in vitro context as the best-supported reading (Figure 6 otherwise centers on 451Lu)."
obs_fig6d_cisplatin_alone_2.5uM,451lu_in_vitro,451lu_in_vitro__cisplatin_2_5_um_72_h,mts_mechanistic,relative_viability_cisplatin_combo,"Relative viability (cisplatin alone, cisplatin 2.5uM)",0.78,Relative to untreated control,72,h,relative to untreated control,,,,,,figure_6,Figure 6,D,,,PLOT_DIGITIZED,QUANTITATIVE,False,,"Cisplatin dose-response alone vs combined with fixed 100nM birinapant, 72h MTS; birinapant left-shifts the cisplatin dose-response curve, indicating chemosensitization Phenotype tier: Combination with chemotherapy. Source cell line label is ambiguous ('451Lu (or panel line)'); mapped to the 451Lu in vitro context as the best-supported reading (Figure 6 otherwise centers on 451Lu)."
obs_fig6d_cisplatin_alone_20uM,451lu_in_vitro,451lu_in_vitro__cisplatin_20_um_72_h,mts_mechanistic,relative_viability_cisplatin_combo,"Relative viability (cisplatin alone, cisplatin 20uM)",0.13,Relative to untreated control,72,h,relative to untreated control,,,,,,figure_6,Figure 6,D,,,PLOT_DIGITIZED,QUANTITATIVE,False,,"Cisplatin dose-response alone vs combined with fixed 100nM birinapant, 72h MTS; birinapant left-shifts the cisplatin dose-response curve, indicating chemosensitization Phenotype tier: Combination with chemotherapy. Source cell line label is ambiguous ('451Lu (or panel line)'); mapped to the 451Lu in vitro context as the best-supported reading (Figure 6 otherwise centers on 451Lu)."
obs_fig6d_cisplatin_alone_5uM,451lu_in_vitro,451lu_in_vitro__cisplatin_5_um_72_h,mts_mechanistic,relative_viability_cisplatin_combo,"Relative viability (cisplatin alone, cisplatin 5uM)",0.55,Relative to untreated control,72,h,relative to untreated control,,,,,,figure_6,Figure 6,D,,,PLOT_DIGITIZED,QUANTITATIVE,False,,"Cisplatin dose-response alone vs combined with fixed 100nM birinapant, 72h MTS; birinapant left-shifts the cisplatin dose-response curve, indicating chemosensitization Phenotype tier: Combination with chemotherapy. Source cell line label is ambiguous ('451Lu (or panel line)'); mapped to the 451Lu in vitro context as the best-supported reading (Figure 6 otherwise centers on 451Lu)."
obs_fig6d_cisplatin_birinapant100nM_0uM,451lu_in_vitro,451lu_in_vitro__cisplatin_0_um_birinapant_100_nm_72_h,mts_mechanistic,relative_viability_cisplatin_combo,"Relative viability (cisplatin birinapant100nM, cisplatin 0uM)",0.95,Relative to untreated control,72,h,relative to untreated control,,,,,,figure_6,Figure 6,D,,,PLOT_DIGITIZED,QUANTITATIVE,False,,"Cisplatin dose-response alone vs combined with fixed 100nM birinapant, 72h MTS; birinapant left-shifts the cisplatin dose-response curve, indicating chemosensitization Phenotype tier: Combination with chemotherapy. Source cell line label is ambiguous ('451Lu (or panel line)'); mapped to the 451Lu in vitro context as the best-supported reading (Figure 6 otherwise centers on 451Lu)."
obs_fig6d_cisplatin_birinapant100nM_10uM,451lu_in_vitro,451lu_in_vitro__cisplatin_10_um_birinapant_100_nm_72_h,mts_mechanistic,relative_viability_cisplatin_combo,"Relative viability (cisplatin birinapant100nM, cisplatin 10uM)",0.2,Relative to untreated control,72,h,relative to untreated control,,,,,,figure_6,Figure 6,D,,,PLOT_DIGITIZED,QUANTITATIVE,False,,"Cisplatin dose-response alone vs combined with fixed 100nM birinapant, 72h MTS; birinapant left-shifts the cisplatin dose-response curve, indicating chemosensitization Phenotype tier: Combination with chemotherapy. Source cell line label is ambiguous ('451Lu (or panel line)'); mapped to the 451Lu in vitro context as the best-supported reading (Figure 6 otherwise centers on 451Lu)."
obs_fig6d_cisplatin_birinapant100nM_2.5uM,451lu_in_vitro,451lu_in_vitro__cisplatin_2_5_um_birinapant_100_nm_72_h,mts_mechanistic,relative_viability_cisplatin_combo,"Relative viability (cisplatin birinapant100nM, cisplatin 2.5uM)",0.6,Relative to untreated control,72,h,relative to untreated control,,,,,,figure_6,Figure 6,D,,,PLOT_DIGITIZED,QUANTITATIVE,False,,"Cisplatin dose-response alone vs combined with fixed 100nM birinapant, 72h MTS; birinapant left-shifts the cisplatin dose-response curve, indicating chemosensitization Phenotype tier: Combination with chemotherapy. Source cell line label is ambiguous ('451Lu (or panel line)'); mapped to the 451Lu in vitro context as the best-supported reading (Figure 6 otherwise centers on 451Lu)."
obs_fig6d_cisplatin_birinapant100nM_20uM,451lu_in_vitro,451lu_in_vitro__cisplatin_20_um_birinapant_100_nm_72_h,mts_mechanistic,relative_viability_cisplatin_combo,"Relative viability (cisplatin birinapant100nM, cisplatin 20uM)",0.1,Relative to untreated control,72,h,relative to untreated control,,,,,,figure_6,Figure 6,D,,,PLOT_DIGITIZED,QUANTITATIVE,False,,"Cisplatin dose-response alone vs combined with fixed 100nM birinapant, 72h MTS; birinapant left-shifts the cisplatin dose-response curve, indicating chemosensitization Phenotype tier: Combination with chemotherapy. Source cell line label is ambiguous ('451Lu (or panel line)'); mapped to the 451Lu in vitro context as the best-supported reading (Figure 6 otherwise centers on 451Lu)."
obs_fig6d_cisplatin_birinapant100nM_5uM,451lu_in_vitro,451lu_in_vitro__cisplatin_5_um_birinapant_100_nm_72_h,mts_mechanistic,relative_viability_cisplatin_combo,"Relative viability (cisplatin birinapant100nM, cisplatin 5uM)",0.38,Relative to untreated control,72,h,relative to untreated control,,,,,,figure_6,Figure 6,D,,,PLOT_DIGITIZED,QUANTITATIVE,False,,"Cisplatin dose-response alone vs combined with fixed 100nM birinapant, 72h MTS; birinapant left-shifts the cisplatin dose-response curve, indicating chemosensitization Phenotype tier: Combination with chemotherapy. Source cell line label is ambiguous ('451Lu (or panel line)'); mapped to the 451Lu in vitro context as the best-supported reading (Figure 6 otherwise centers on 451Lu)."
obs_rip1_depletion_451Lu_combo,451lu_in_vitro,451lu_in_vitro__birinapant_1000_nm_tnf_alpha_1_ng_ml_24_h,western_apoptosis_signaling,RIP1_protein_depletion_status,Depleted,,,24,h,blot intensity call,,,,,,figure_2,Figure 2,B,,,BLOT_DENSITOMETRY,SEMI_QUANTITATIVE,False,,Verified by direct inspection of Figure 2B immunoblot: RIP1 band intensity reduced in combination-treated lanes for combination-sensitive lines. RIP1 protein depleted in 3/4 combination-sensitive lines when birinapant and TNF-α combined (24h) Phenotype tier: Combination sensitive.
obs_ripk1_Resistant_TNF_alpha,birinapant_resistant_lines_pooled,birinapant_resistant_lines_pooled__tnf_alpha_1_ng_ml,ripk1_expression,RIPK1_mRNA_relative_expression,"RIPK1 mRNA expression, group mean (TNF-alpha)",0.19,Relative expression (GUSB-normalized),,,group mean (visually estimated),,,,,,figure_3,Figure 3,D,,,PLOT_DIGITIZED,SEMI_QUANTITATIVE,False,,"Scatter plot of individual cell lines from Supplementary Table S1, stratified into birinapant-sensitive vs resistant; value is visually-estimated group mean (±SEM whiskers on original); RIPK1 expression does not clearly separate sensitive from resistant lines, i.e. not a strong predictive biomarker on its own Phenotype tier: Resistant."
obs_ripk1_Resistant_untreated,birinapant_resistant_lines_pooled,birinapant_resistant_lines_pooled__untreated,ripk1_expression,RIPK1_mRNA_relative_expression,"RIPK1 mRNA expression, group mean (untreated)",0.18,Relative expression (GUSB-normalized),,,group mean (visually estimated),,,,,,figure_3,Figure 3,D,,,PLOT_DIGITIZED,SEMI_QUANTITATIVE,False,,"Scatter plot of individual cell lines from Supplementary Table S1, stratified into birinapant-sensitive vs resistant; value is visually-estimated group mean (±SEM whiskers on original); RIPK1 expression does not clearly separate sensitive from resistant lines, i.e. not a strong predictive biomarker on its own Phenotype tier: Resistant."
obs_ripk1_Sensitive_TNF_alpha,birinapant_sensitive_lines_pooled,birinapant_sensitive_lines_pooled__tnf_alpha_1_ng_ml,ripk1_expression,RIPK1_mRNA_relative_expression,"RIPK1 mRNA expression, group mean (TNF-alpha)",0.29,Relative expression (GUSB-normalized),,,group mean (visually estimated),,,,,,figure_3,Figure 3,D,,,PLOT_DIGITIZED,SEMI_QUANTITATIVE,False,,"Scatter plot of individual cell lines from Supplementary Table S1, stratified into birinapant-sensitive vs resistant; value is visually-estimated group mean (±SEM whiskers on original); RIPK1 expression does not clearly separate sensitive from resistant lines, i.e. not a strong predictive biomarker on its own Phenotype tier: Sensitive."
obs_ripk1_Sensitive_untreated,birinapant_sensitive_lines_pooled,birinapant_sensitive_lines_pooled__untreated,ripk1_expression,RIPK1_mRNA_relative_expression,"RIPK1 mRNA expression, group mean (untreated)",0.185,Relative expression (GUSB-normalized),,,group mean (visually estimated),,,,,,figure_3,Figure 3,D,,,PLOT_DIGITIZED,SEMI_QUANTITATIVE,False,,"Scatter plot of individual cell lines from Supplementary Table S1, stratified into birinapant-sensitive vs resistant; value is visually-estimated group mean (±SEM whiskers on original); RIPK1 expression does not clearly separate sensitive from resistant lines, i.e. not a strong predictive biomarker on its own Phenotype tier: Sensitive."
qsp_1205lu_ciap1_vehicle_baseline,1205lu_xenograft,1205lu_xenograft__vehicle_control_xenograft,western_ciap_xenograft,cIAP1_protein_remaining_pct,"cIAP1 protein remaining (0h, vehicle baseline, xenograft)",100.0,% of vehicle control,0.0,h,densitometry normalized to vehicle = 100%,approximate SEM (birinapant_qsp_biomarker_digitization.xlsx Recommended input),25.0,,,,qsp_workbook,Figure 5,B,,,PLOT_DIGITIZED,SEMI_QUANTITATIVE,False,,"Vehicle t=0 baseline supplied only by the QSP digitization workbook, not by BIRINAPANT_OBSERVATIONS.xlsx; completes the Figure 5B kinetic curve."
qsp_451lu_ciap1_vehicle_baseline,451lu_xenograft,451lu_xenograft__vehicle_control_xenograft,western_ciap_xenograft,cIAP1_protein_remaining_pct,"cIAP1 protein remaining (0h, vehicle baseline, xenograft)",100.0,% of vehicle control,0.0,h,densitometry normalized to vehicle = 100%,approximate SEM (birinapant_qsp_biomarker_digitization.xlsx Recommended input),25.0,,,,qsp_workbook,Figure 5,B,,,PLOT_DIGITIZED,SEMI_QUANTITATIVE,False,,"Vehicle t=0 baseline supplied only by the QSP digitization workbook, not by BIRINAPANT_OBSERVATIONS.xlsx; completes the Figure 5B kinetic curve."
